"match_checksum","round_number","x","y","bomb_status"
"472ac3e23ebc878b",3,-435.091919,-1980.637329,exploded
"472ac3e23ebc878b",4,-1988.281982,429.07782,exploded
"472ac3e23ebc878b",5,-495.899902,-1991.884033,planted_only
"472ac3e23ebc878b",7,-291.67334,-2219.720703,defused
"472ac3e23ebc878b",10,-469.450562,-2008.574951,planted_only
"472ac3e23ebc878b",11,-1888.560181,242.060196,planted_only
"472ac3e23ebc878b",16,-262.2854,-2158.574219,exploded
"472ac3e23ebc878b",17,-489.046265,-2015.286133,exploded
"472ac3e23ebc878b",18,-253.937195,-2136.246094,defused
"472ac3e23ebc878b",19,-458.237671,-2010.927979,exploded
"472ac3e23ebc878b",20,-443.612915,-1986.458496,planted_only
"472ac3e23ebc878b",21,-1893.345703,256.555389,planted_only
"472ac3e23ebc878b",25,-284.21582,-2159.084229,planted_only
"472ac3e23ebc878b",26,-323.267761,-2033.281738,planted_only
"472ac3e23ebc878b",28,-423.942017,-1990.176392,defused
"45959b056841cf0b",1,-554.937195,-2104.143799,exploded
"45959b056841cf0b",5,-597.094177,-2164.613037,defused
"45959b056841cf0b",7,-264.922058,-2154.185059,defused
"45959b056841cf0b",10,-2001.062988,180.057297,planted_only
"45959b056841cf0b",11,-286.337158,-2159.63623,exploded
"45959b056841cf0b",15,-607.541626,-2158.275146,planted_only
"45959b056841cf0b",19,-277.863647,-2157.354004,defused
"45959b056841cf0b",20,-321.027588,-2035.879883,planted_only
"45959b056841cf0b",21,-1969.03125,450.046326,exploded
"45959b056841cf0b",22,-267.058228,-2163.710449,defused
fd4642781bb75169,1,-560.329529,-1976.849121,defused
fd4642781bb75169,4,-1886.00354,242.06279,defused
fd4642781bb75169,6,-1910.768066,242.474014,exploded
fd4642781bb75169,7,-1987.062988,434.161987,exploded
fd4642781bb75169,8,-493.140503,-1972.659912,defused
fd4642781bb75169,9,-550.685791,-1975.230469,exploded
fd4642781bb75169,10,-1987.060303,412.531311,defused
fd4642781bb75169,11,-1899.203003,319.227936,defused
fd4642781bb75169,14,-292.970581,-2161.361084,exploded
fd4642781bb75169,16,-1886.656616,242.027725,planted_only
"5cb8c0ec2d76bf",3,-1969.03125,450.031647,planted_only
"5cb8c0ec2d76bf",10,-397.542114,-2092.887451,planted_only
"5cb8c0ec2d76bf",13,-497.936401,-1999.39209,defused
"5cb8c0ec2d76bf",15,-2198.959229,89.031242,planted_only
"5cb8c0ec2d76bf",16,-1969.03125,450.031067,planted_only
"5cb8c0ec2d76bf",17,-280.364746,-2158.052979,planted_only
"5cb8c0ec2d76bf",18,-603.213135,-2155.781006,planted_only
"3d509c234096d43a",1,-566.096069,-2194.957764,planted_only
"3d509c234096d43a",2,-2198.959717,89.031242,planted_only
"3d509c234096d43a",10,-330.769043,-2038.705444,defused
"3d509c234096d43a",13,-1969.059937,450.037781,exploded
"3d509c234096d43a",14,-267.184021,-2154.621094,planted_only
"2dcf733686e46889",1,-455.626343,-1978.03894,defused
"2dcf733686e46889",3,-1969.03125,450.063019,defused
"2dcf733686e46889",5,-461.390137,-1977.566528,defused
"2dcf733686e46889",6,-1987.065552,422.747467,exploded
"2dcf733686e46889",7,-439.324951,-1981.52771,defused
"2dcf733686e46889",8,-434.104858,-1980.861206,exploded
"2dcf733686e46889",9,-1881.429688,244.304184,planted_only
"2dcf733686e46889",10,-1969.03125,450.051178,exploded
"2dcf733686e46889",13,-283.970581,-2161.109619,defused
"2dcf733686e46889",17,-554.966553,-2103.692871,exploded
"2dcf733686e46889",18,-1969.076782,450.062622,exploded
"2dcf733686e46889",19,-536.075745,-1972.937256,planted_only
"2dcf733686e46889",20,-280.720398,-2158.291992,defused
"2dcf733686e46889",23,-1994.062988,202.424881,exploded
a5f32090846c4a01,1,-444.000366,-1983.101196,planted_only
a5f32090846c4a01,8,-493.425171,-2029.883789,exploded
a5f32090846c4a01,9,-1930.672241,242.062912,exploded
a5f32090846c4a01,11,-626.076294,-1990.635986,planted_only
a5f32090846c4a01,12,-449.918945,-1982.25,exploded
a5f32090846c4a01,13,-1987.062744,411.452637,defused
a5f32090846c4a01,17,-253.901978,-2142.108887,defused
"7a552a402f3cd259",2,-606.748291,-1984.557983,exploded
"7a552a402f3cd259",3,-494.488159,-2003.899414,exploded
"7a552a402f3cd259",4,-416.836121,-1989.334229,exploded
"7a552a402f3cd259",6,-253.970825,-2134.073486,exploded
"7a552a402f3cd259",8,-405.359619,-1991.788696,planted_only
"7a552a402f3cd259",9,-553.281372,-2103.443848,exploded
"7a552a402f3cd259",10,-503.125244,-1984.119019,planted_only
"7a552a402f3cd259",11,-546.351013,-1974.494629,planted_only
"7a552a402f3cd259",12,-1987.125,432.308716,exploded
"7a552a402f3cd259",13,-1969.068726,450.03125,planted_only
"7a552a402f3cd259",14,-1900.864868,242.062653,exploded
"7a552a402f3cd259",15,-1888.914307,249.573212,exploded
"7a552a402f3cd259",16,-316.901184,-2030.846558,defused
"7a552a402f3cd259",17,-497.937805,-1999.46875,defused
ee5f8be378a7deef,4,-280.604004,-2165.481445,defused
ee5f8be378a7deef,5,-274.610107,-2156.542236,exploded
ee5f8be378a7deef,6,-521.356934,-2098.119873,planted_only
ee5f8be378a7deef,7,-1987.06189,365.274933,exploded
ee5f8be378a7deef,8,-1994.116211,438.878357,defused
ee5f8be378a7deef,10,-436.86853,-1980.974365,exploded
ee5f8be378a7deef,11,-2050.880371,422.255737,planted_only
ee5f8be378a7deef,12,-605.853149,-1983.661987,exploded
ee5f8be378a7deef,13,-253.969482,-2134.07666,planted_only
ee5f8be378a7deef,15,-1969.03125,450.048553,exploded
ee5f8be378a7deef,16,-440.734009,-1981.416016,defused
ee5f8be378a7deef,17,-1969.054932,450.050323,planted_only
ee5f8be378a7deef,18,-1969.062988,450.033813,exploded
ee5f8be378a7deef,20,-253.739136,-2134.358887,planted_only
ee5f8be378a7deef,21,-438.940552,-1981.832764,planted_only
"1787ce744c361d96",1,-324.545349,-2037.055786,exploded
"1787ce744c361d96",2,-1987.076416,400.414764,exploded
"1787ce744c361d96",3,-1990.492676,420.805023,planted_only
"1787ce744c361d96",5,-553.874817,-1975.730591,planted_only
"1787ce744c361d96",6,-1987.071045,428.502441,exploded
"1787ce744c361d96",10,-1969.043579,450.05719,exploded
"1787ce744c361d96",11,-253.967529,-2134.07666,defused
"1787ce744c361d96",12,-432.032532,-1995.439331,defused
"1787ce744c361d96",14,-612.191467,-2187.683594,defused
"1787ce744c361d96",16,-339.487427,-2041.016113,exploded
"1787ce744c361d96",17,-442.867554,-1981.82666,exploded
"1787ce744c361d96",18,-554.93866,-2103.718994,planted_only
"9cf2b1cce364afa9",3,-2016.976318,413.76355,planted_only
"9cf2b1cce364afa9",4,-469.765381,-1976.067383,planted_only
"9cf2b1cce364afa9",5,-273.207886,-2156.137207,planted_only
"9cf2b1cce364afa9",8,-1987.071289,418.648193,exploded
"9cf2b1cce364afa9",9,-2198.933594,89.031242,planted_only
"9cf2b1cce364afa9",10,-527.703735,-1972.918335,planted_only
"9cf2b1cce364afa9",11,-1987.050903,431.30957,exploded
"9cf2b1cce364afa9",13,-1969.067505,450.062622,defused
"9cf2b1cce364afa9",15,-1878.623535,242.062683,defused
"9cf2b1cce364afa9",17,-2231.698975,177.062744,defused
"5ef7cf95e5d4a0b7",1,-527.498535,-2132.519287,planted_only
"5ef7cf95e5d4a0b7",2,-275.040283,-2158.908203,planted_only
"5ef7cf95e5d4a0b7",3,-1922.464966,242.062927,planted_only
"5ef7cf95e5d4a0b7",4,-301.779114,-2015.723999,exploded
"5ef7cf95e5d4a0b7",5,-615.569336,-2162.866455,planted_only
"5ef7cf95e5d4a0b7",6,-426.180969,-1987.355469,planted_only
"5ef7cf95e5d4a0b7",8,-1969.070435,450.553192,planted_only
"5ef7cf95e5d4a0b7",9,-406.076172,-1995.289062,planted_only
"5ef7cf95e5d4a0b7",10,-255.547607,-2158.325928,defused
"5ef7cf95e5d4a0b7",11,-262.025391,-2161.4729,planted_only
"5ef7cf95e5d4a0b7",12,-489.153015,-2008.013184,defused
"5ef7cf95e5d4a0b7",13,-1994.03125,189.043579,planted_only
a7d25e8345edc7df,1,-582.569702,-2149.643555,defused
a7d25e8345edc7df,4,-450.373657,-1984.163574,planted_only
a7d25e8345edc7df,10,-495.286682,-2010.542358,exploded
a7d25e8345edc7df,11,-253.828857,-2141.630127,planted_only
a7d25e8345edc7df,13,-1987.062622,439.882172,defused
a7d25e8345edc7df,18,-351.443481,-2023.61145,defused
"741062afc2a69cbc",1,-450.566406,-1985.685303,planted_only
"741062afc2a69cbc",2,-297.774109,-2162.632568,exploded
"741062afc2a69cbc",3,-2072.222656,430.432281,planted_only
"741062afc2a69cbc",4,-1969.03125,450.059448,planted_only
"741062afc2a69cbc",5,-418.40271,-1987.411133,exploded
"741062afc2a69cbc",7,-494.423157,-2005.865723,planted_only
"741062afc2a69cbc",8,-333.99176,-2039.075928,planted_only
"741062afc2a69cbc",10,-474.373047,-1977.115356,exploded
"741062afc2a69cbc",11,-1977.650146,454.719543,exploded
"741062afc2a69cbc",12,-588.823364,-2147.510986,planted_only
"741062afc2a69cbc",14,-265.36084,-2171.542725,exploded
"8bc4eee4c905c740",4,-601.657043,-2218.532227,defused
"8bc4eee4c905c740",8,-373.130493,-1991.786621,planted_only
"8bc4eee4c905c740",10,-253.970825,-2134.069824,defused
"8bc4eee4c905c740",12,-1997.395508,360.173676,exploded
"8bc4eee4c905c740",16,-1987.070068,414.899323,defused
"8bc4eee4c905c740",19,-275.700012,-2156.816895,exploded
"8bc4eee4c905c740",21,-267.706177,-2156.452393,defused
"8bc4eee4c905c740",23,-1987.092163,424.610077,exploded
"8bc4eee4c905c740",24,-458.138,-1980.411865,exploded
"8bc4eee4c905c740",26,-606.358398,-1984.250366,exploded
"8bc4eee4c905c740",27,-379.798157,-2132.867188,exploded
"8bc4eee4c905c740",29,-2038.234375,93.377007,planted_only
"8bc4eee4c905c740",32,-249.616882,-2143.029053,defused
"8bc4eee4c905c740",33,-444.554443,-1986.015259,defused
"8bc4eee4c905c740",35,-1998.506836,390.459167,planted_only
"958fa9238efe1849",3,-253.736389,-2136.543945,planted_only
"958fa9238efe1849",4,-611.182007,-1981.995117,planted_only
"958fa9238efe1849",6,-606.821106,-2158.299316,exploded
"958fa9238efe1849",9,-253.969971,-2134.074219,defused
"958fa9238efe1849",11,-253.965759,-2135.416748,exploded
"958fa9238efe1849",13,-1969.03125,450.041687,exploded
"958fa9238efe1849",14,-493.32074,-2012.739502,exploded
"958fa9238efe1849",19,-422.82135,-1985.230103,defused
"958fa9238efe1849",20,-441.31189,-2004.885376,exploded
"958fa9238efe1849",22,-1987.552124,416.45462,defused
"170b0765d43fb325",5,-288.867493,-2183.537598,exploded
"170b0765d43fb325",6,-391.439392,-2002.800659,planted_only
"170b0765d43fb325",10,-496.998901,-1996.874756,exploded
"170b0765d43fb325",13,-479.241211,-2033.171875,exploded
"170b0765d43fb325",14,-494.224365,-2010.661255,planted_only
"170b0765d43fb325",15,-1900.946533,257.846313,planted_only
af3138c4f9478cad,1,-385.938354,-1996.56897,exploded
af3138c4f9478cad,2,-302.905151,-2164.0354,planted_only
af3138c4f9478cad,3,-417.438599,-2004.520996,planted_only
af3138c4f9478cad,4,-378.306396,-2000.179932,exploded
af3138c4f9478cad,5,-264.240173,-2160.587158,defused
af3138c4f9478cad,6,-1888.404419,242.062881,exploded
af3138c4f9478cad,7,-575.856201,-1973.069946,defused
af3138c4f9478cad,10,-487.867188,-1978.561646,planted_only
af3138c4f9478cad,14,-393.166016,-2140.778076,defused
af3138c4f9478cad,15,-432.638062,-1981.385864,defused
af3138c4f9478cad,17,-438.901489,-1981.209351,planted_only
af3138c4f9478cad,18,-336.909912,-2277.188965,planted_only
af3138c4f9478cad,20,-1987.036133,409.140472,defused
af3138c4f9478cad,21,-479.458008,-1995.204956,defused
b833a145b9354816,5,-1883.923218,242.073898,planted_only
b833a145b9354816,6,-567.654114,-1978.045166,planted_only
b833a145b9354816,7,-2004.039917,428.598419,planted_only
b833a145b9354816,8,-275.500366,-2156.84082,defused
b833a145b9354816,11,-1986.557495,453.495148,defused
b833a145b9354816,13,-277.158691,-2157.36792,defused
b833a145b9354816,14,-262.349976,-2211.096436,exploded
b833a145b9354816,15,-442.281921,-1981.859619,defused
b833a145b9354816,17,-564.705505,-1977.549927,planted_only
"88d974c6d6b8fac3",1,-494.498413,-2004.052002,exploded
"88d974c6d6b8fac3",2,-1913.866211,242.062943,exploded
"88d974c6d6b8fac3",5,-280.247253,-2158.026855,defused
"88d974c6d6b8fac3",7,-2093.157959,446.00058,defused
"88d974c6d6b8fac3",9,-1987.059937,415.326202,exploded
"88d974c6d6b8fac3",10,-1996.275024,438.42276,planted_only
"88d974c6d6b8fac3",13,-1998.594116,449.280945,planted_only
"88d974c6d6b8fac3",15,-361.465576,-2016.745361,exploded
"88d974c6d6b8fac3",16,-1987.478882,444.211578,planted_only
"88d974c6d6b8fac3",17,-253.96875,-2134.076172,planted_only
e83d3bbfedc9df7a,2,-431.605713,-1982.824341,exploded
e83d3bbfedc9df7a,3,-1907.767334,242.078033,exploded
e83d3bbfedc9df7a,4,-1879.040039,242.078918,exploded
e83d3bbfedc9df7a,5,-557.163513,-1976.322632,exploded
e83d3bbfedc9df7a,7,-458.620605,-1988.727417,exploded
e83d3bbfedc9df7a,8,-630.558044,-1993.548828,exploded
e83d3bbfedc9df7a,9,-497.946655,-1999.36731,planted_only
e83d3bbfedc9df7a,10,-1987.247803,440.481873,exploded
e83d3bbfedc9df7a,12,-1892.055298,244.081329,exploded
"363044199d8a3bcd",1,-554.932678,-2103.719238,planted_only
"363044199d8a3bcd",3,-350.853271,-1996.472534,planted_only
"363044199d8a3bcd",5,-325.809082,-2009.318604,planted_only
"363044199d8a3bcd",6,-253.9375,-2146.485352,planted_only
"363044199d8a3bcd",7,-266.463623,-2154.368896,exploded
"363044199d8a3bcd",8,-1987.033325,423.098511,exploded
"363044199d8a3bcd",10,-481.698608,-1989.293945,planted_only
"363044199d8a3bcd",11,-492.145752,-1986.136841,planted_only
"363044199d8a3bcd",12,-549.337341,-1974.973755,exploded
"363044199d8a3bcd",13,-410.63623,-2000.065186,defused
"5661c2da5c759ce5",1,-1969.043945,450.03125,defused
"5661c2da5c759ce5",2,-284.475281,-2159.142822,exploded
"5661c2da5c759ce5",3,-489.990967,-2023.894897,exploded
"5661c2da5c759ce5",4,-1885.700195,242.079346,exploded
"5661c2da5c759ce5",6,-1969.027588,450.056244,planted_only
"5661c2da5c759ce5",8,-1987.062866,411.674408,exploded
"5661c2da5c759ce5",9,-321.03125,-2036.157349,exploded
"5661c2da5c759ce5",10,-1987.045776,405.521545,exploded
"5661c2da5c759ce5",11,-1987.062988,409.948883,planted_only
"5661c2da5c759ce5",13,-1989.450562,412.059418,planted_only
"5661c2da5c759ce5",14,-300.593323,-2008.055542,planted_only
"5661c2da5c759ce5",15,-435.946411,-1998.048096,defused
"5661c2da5c759ce5",16,-330.692444,-2019.898315,planted_only
"5661c2da5c759ce5",17,-1987.062744,425.091736,exploded
"5661c2da5c759ce5",19,-494.289673,-2009.088013,defused
"28a0374c055ef765",1,-275.16394,-2163.329834,planted_only
"28a0374c055ef765",2,-569.332214,-2136.30957,exploded
"28a0374c055ef765",4,-490.557983,-2083.63623,exploded
"28a0374c055ef765",6,-1969.03125,450.033661,defused
"28a0374c055ef765",7,-276.999146,-2163.583252,defused
"28a0374c055ef765",8,-615.221558,-2162.642578,defused
"28a0374c055ef765",10,-457.178833,-2007.473022,exploded
"28a0374c055ef765",11,-1987.072632,413.096802,planted_only
"28a0374c055ef765",12,-459.05957,-1979.205322,defused
"28a0374c055ef765",17,-602.855225,-2155.57959,planted_only
"28a0374c055ef765",18,-493.755859,-2020.622192,exploded
"28a0374c055ef765",20,-1969.049316,450.03125,exploded
"28a0374c055ef765",21,-1941.784912,242.072906,exploded
"28a0374c055ef765",22,-500.221619,-1975.496704,planted_only
"554ec4ef442f415e",1,-453.633545,-1983.604004,defused
"554ec4ef442f415e",5,-1979.737549,450.03656,exploded
"554ec4ef442f415e",6,-494.330322,-2008.113281,exploded
"554ec4ef442f415e",7,-1987.062866,414.066376,planted_only
"554ec4ef442f415e",9,-539.464844,-2301.893066,planted_only
"554ec4ef442f415e",10,-1969.03125,450.040375,exploded
"554ec4ef442f415e",11,-600.326172,-2154.918945,exploded
"554ec4ef442f415e",12,-279.504456,-2158.109619,exploded
"554ec4ef442f415e",13,-1987.050415,411.722656,planted_only
"554ec4ef442f415e",14,-612.167419,-1985.395874,planted_only
"554ec4ef442f415e",17,-498.038818,-1980.796631,planted_only
"554ec4ef442f415e",18,-399.759155,-2011.862061,planted_only
"554ec4ef442f415e",19,-1905.58374,242.062637,exploded
"554ec4ef442f415e",20,-1869.648682,242.03125,exploded
"554ec4ef442f415e",22,-285.600647,-2217.968506,planted_only
"554ec4ef442f415e",23,-293.217651,-2161.445068,planted_only
"32379617abb31e8",4,-492.842834,-2033.766602,exploded
"32379617abb31e8",5,-289.572876,-2160.799805,exploded
"32379617abb31e8",7,-1987.102051,419.958191,exploded
"32379617abb31e8",8,-591.451294,-2149.393066,defused
"32379617abb31e8",10,-567.653564,-2155.618164,defused
"32379617abb31e8",11,-253.969604,-2137.915039,exploded
"32379617abb31e8",12,-1902.819702,242.369583,exploded
"32379617abb31e8",13,-493.446777,-2028.570068,planted_only
"32379617abb31e8",14,-440.232178,-1983.068848,planted_only
"32379617abb31e8",16,-2070.59082,454.102264,exploded
"32379617abb31e8",17,-1987.062988,440.395905,planted_only
"32379617abb31e8",21,-494.197266,-2010.834473,exploded
"3a526c675e3b6b13",1,-612.270081,-1985.498413,defused
"3a526c675e3b6b13",2,-607.986938,-1984.767456,exploded
"3a526c675e3b6b13",3,-614.96051,-1985.929565,exploded
"3a526c675e3b6b13",4,-494.079407,-2013.501831,exploded
"3a526c675e3b6b13",6,-382.253906,-2052.351562,defused
"3a526c675e3b6b13",10,-554.154358,-1975.751465,exploded
"3a526c675e3b6b13",11,-435.472778,-1984.724121,planted_only
"3a526c675e3b6b13",13,-579.654419,-1980.031128,defused
"3a526c675e3b6b13",16,-1918.597534,242.062729,planted_only
"3a526c675e3b6b13",17,-1914.462158,242.067581,planted_only
"3a526c675e3b6b13",18,-1907.165649,242.064651,exploded
"3a526c675e3b6b13",19,-591.803772,-1982.069336,defused
"7d8dd11b1c0c3898",3,-603.92395,-2156.189697,planted_only
"7d8dd11b1c0c3898",4,-497.974915,-2004.531738,exploded
"7d8dd11b1c0c3898",5,-2090.748779,282.484741,planted_only
"7d8dd11b1c0c3898",9,-500.777527,-1983.765259,planted_only
"7d8dd11b1c0c3898",10,-616.114197,-2185.551025,planted_only
"7d8dd11b1c0c3898",11,-1987.534546,421.714386,planted_only
"7d8dd11b1c0c3898",13,-2094.937256,410.361877,defused
"7d8dd11b1c0c3898",15,-371.827209,-2042.790771,planted_only
"7d8dd11b1c0c3898",16,-441.509521,-1984.406128,exploded
"7d8dd11b1c0c3898",17,-337.302856,-2275.898438,planted_only
"7d8dd11b1c0c3898",18,-1969.03125,450.04129,planted_only
"7d8dd11b1c0c3898",19,-1898.495361,242.085983,exploded
"7d8dd11b1c0c3898",21,-1969.044922,450.03125,defused
"7d8dd11b1c0c3898",26,-1969.043823,450.047455,defused
"7d8dd11b1c0c3898",28,-1987.062744,436.065918,defused
"7d8dd11b1c0c3898",30,-378.963257,-2135.917969,planted_only
"13d728b6b0876092",1,-1969.03125,450.05014,planted_only
"13d728b6b0876092",2,-614.420105,-1985.823486,exploded
"13d728b6b0876092",6,-302.594543,-2169.598877,planted_only
"13d728b6b0876092",9,-319.996765,-2033.843506,planted_only
"13d728b6b0876092",10,-1898.543823,242.150269,exploded
"13d728b6b0876092",12,-623.011841,-1987.235352,defused
"13d728b6b0876092",16,-593.890137,-1982.417969,planted_only
"13d728b6b0876092",17,-273.87915,-2156.362549,exploded
"7f742621512ab5d3",3,-599.633606,-1980.610229,planted_only
"7f742621512ab5d3",4,-1913.386841,242.062927,exploded
"7f742621512ab5d3",5,-253.889038,-2145.456543,planted_only
"7f742621512ab5d3",10,-276.737305,-2163.669189,planted_only
"7f742621512ab5d3",11,-1969.045288,450.03125,exploded
"7f742621512ab5d3",12,-279.573975,-2157.859619,defused
"7f742621512ab5d3",16,-1987.049561,417.349487,defused
"7f742621512ab5d3",18,-313.334229,-2027.195801,exploded
"7f742621512ab5d3",20,-253.963684,-2134.080566,planted_only
"7f742621512ab5d3",21,-1969.032349,453.174347,exploded
"698ae7f08e02241e",3,-285.25824,-2159.483643,planted_only
"698ae7f08e02241e",6,-287.765381,-2174.657715,defused
"698ae7f08e02241e",12,-291.835693,-2161.058594,defused
"698ae7f08e02241e",16,-1987.062866,418.605927,defused
"698ae7f08e02241e",17,-1969.03125,450.042969,planted_only
"8cf67a76a7e8baf5",1,-591.377502,-2148.948242,defused
"8cf67a76a7e8baf5",5,-253.937256,-2137.171143,defused
"8cf67a76a7e8baf5",6,-1888.397095,242.677689,exploded
"8cf67a76a7e8baf5",8,-613.761841,-2161.809082,planted_only
"8cf67a76a7e8baf5",10,-2037.767578,73.321175,defused
"8cf67a76a7e8baf5",11,-266.428589,-2154.365967,defused
"8cf67a76a7e8baf5",16,-623.077026,-2173.538818,defused
"8cf67a76a7e8baf5",17,-1987.035156,413.343201,exploded
"8cf67a76a7e8baf5",19,-1872.903564,242.062836,defused
"8cf67a76a7e8baf5",20,-1969.044067,450.062744,exploded
"8cf67a76a7e8baf5",21,-1987.035278,420.838257,exploded
"8cf67a76a7e8baf5",22,-263.834412,-2156.598389,defused
c4f4da42623b2204,1,-253.937439,-2136.94458,planted_only
c4f4da42623b2204,2,-579.764526,-2142.268555,exploded
c4f4da42623b2204,5,-1987.080811,421.441254,defused
c4f4da42623b2204,8,-581.547485,-2143.310547,defused
c4f4da42623b2204,10,-1910.679565,242.062836,planted_only
c4f4da42623b2204,15,-1898.752441,242.202988,planted_only
c4f4da42623b2204,16,-464.472412,-1982.872559,planted_only
c4f4da42623b2204,17,-253.955566,-2134.499512,planted_only
c4f4da42623b2204,18,-408.791504,-1987.153442,defused
c4f4da42623b2204,20,-1987.062866,418.940155,defused
"8b5a1e7040012f52",2,-249.975769,-2137.575439,defused
"8b5a1e7040012f52",3,-257.452332,-2208.929199,defused
"8b5a1e7040012f52",5,-1881.040527,242.073257,planted_only
"8b5a1e7040012f52",6,-602.353149,-2155.373047,defused
"8b5a1e7040012f52",12,-290.154419,-2160.671875,exploded
"8b5a1e7040012f52",13,-479.27002,-2017.429565,planted_only
"8b5a1e7040012f52",14,-2198.937256,91.775673,planted_only
"8b5a1e7040012f52",15,-1969.052246,450.03125,planted_only
"8b5a1e7040012f52",17,-327.464233,-2037.844482,planted_only
acba6c83282fbc01,3,-306.823303,-2165.066162,exploded
acba6c83282fbc01,8,-254.552673,-2158.090332,exploded
acba6c83282fbc01,10,-430.37439,-1983.000122,planted_only
acba6c83282fbc01,13,-1987.062866,390.107422,planted_only
acba6c83282fbc01,14,-1993.262573,416.102539,exploded
acba6c83282fbc01,15,-465.963379,-2003.799561,planted_only
acba6c83282fbc01,16,-1987.068848,421.797424,planted_only
"8c6cdb2c2b4b5282",1,-2094.937012,424.118317,defused
"8c6cdb2c2b4b5282",2,-619.35553,-2172.719482,defused
"8c6cdb2c2b4b5282",3,-1987.062866,436.989288,defused
"8c6cdb2c2b4b5282",4,-1987.062988,434.972656,planted_only
"8c6cdb2c2b4b5282",5,-455.348999,-1984.334106,planted_only
"8c6cdb2c2b4b5282",7,-554.937195,-2121.532715,exploded
"8c6cdb2c2b4b5282",8,-557.108887,-2252.709473,planted_only
"8c6cdb2c2b4b5282",10,-451.080078,-1991.054077,exploded
"8c6cdb2c2b4b5282",13,-1969.032227,450.03125,planted_only
"8c6cdb2c2b4b5282",17,-253.959473,-2142.531006,exploded
"8c6cdb2c2b4b5282",18,-599.761902,-1983.392334,exploded
"8c6cdb2c2b4b5282",19,-502.358093,-1989.176514,planted_only
"8c6cdb2c2b4b5282",20,-492.437622,-1988.013184,planted_only
"8c6cdb2c2b4b5282",23,-585.974731,-1981.074829,defused
"9ff3df6794bf9a01",1,-1987.062866,444.242004,planted_only
"9ff3df6794bf9a01",2,-413.178589,-1996.151367,planted_only
"9ff3df6794bf9a01",3,-449.87146,-1981.69812,exploded
"9ff3df6794bf9a01",5,-1987.0625,427.178864,exploded
"9ff3df6794bf9a01",6,-253.960632,-2145.169922,exploded
"9ff3df6794bf9a01",7,-331.473328,-2182.463867,planted_only
"9ff3df6794bf9a01",8,-413.287842,-1988.635132,exploded
"9ff3df6794bf9a01",9,-1987.67627,429.666901,exploded
"9ff3df6794bf9a01",12,-2038.389282,94.742653,defused
"9ff3df6794bf9a01",13,-1881.984619,255.47937,planted_only
"9ff3df6794bf9a01",14,-1984.911255,450.062805,planted_only
"9ff3df6794bf9a01",15,-265.269653,-2154.68457,exploded
a88599dd16e02133,3,-553.675598,-1975.68811,defused
a88599dd16e02133,4,-463.346191,-1978.548462,planted_only
a88599dd16e02133,5,-510.529419,-2128.941162,planted_only
a88599dd16e02133,6,-257.582764,-2207.567139,exploded
a88599dd16e02133,10,-460.960144,-1985.062866,planted_only
a88599dd16e02133,11,-256.821167,-2151.782715,planted_only
a88599dd16e02133,12,-444.635864,-2009.127563,exploded
a88599dd16e02133,13,-1987.076294,423.873932,defused
a88599dd16e02133,16,-566.745667,-1965.665405,planted_only
a88599dd16e02133,18,-1991.933228,407.853729,defused
a88599dd16e02133,19,-1994.03125,189.05246,defused
a88599dd16e02133,20,-1969.061523,450.041992,exploded
"7b8f423709bdb2a6",4,-554.926941,-2103.718018,defused
"7b8f423709bdb2a6",5,-1882.972046,242.078583,exploded
"7b8f423709bdb2a6",6,-497.919922,-1999.366699,defused
"7b8f423709bdb2a6",12,-457.516724,-1978.07251,planted_only
"7b8f423709bdb2a6",13,-593.68396,-2150.29834,planted_only
"7b8f423709bdb2a6",15,-1897.663818,249.565155,planted_only
c213688551f2be48,1,-1987.061279,438.098419,planted_only
c213688551f2be48,2,-1869.821167,242.062576,defused
c213688551f2be48,3,-494.767334,-2009.738525,planted_only
c213688551f2be48,7,-555.499268,-1976.019409,defused
c213688551f2be48,8,-540.477539,-1973.515747,exploded
c213688551f2be48,9,-319.757812,-2033.668945,exploded
c213688551f2be48,11,-1910.169067,242.038025,exploded
c213688551f2be48,15,-284.300049,-2159.100586,exploded
c213688551f2be48,17,-1987.062988,408.292725,defused
c213688551f2be48,19,-253.942322,-2134.946777,exploded
a4a0808a07a6cad8,1,-1969.03125,450.033325,exploded
a4a0808a07a6cad8,3,-1969.058105,450.03125,planted_only
a4a0808a07a6cad8,4,-1989.958862,415.092346,exploded
a4a0808a07a6cad8,5,-1987.20813,406.902008,planted_only
a4a0808a07a6cad8,6,-1969.062988,450.050812,planted_only
a4a0808a07a6cad8,7,-2038.114136,431.465332,exploded
a4a0808a07a6cad8,8,-1987.062866,405.944489,exploded
a4a0808a07a6cad8,10,-612.368042,-2161.04248,planted_only
a4a0808a07a6cad8,11,-1987.114136,404.862549,defused
a4a0808a07a6cad8,13,-550.574524,-1975.198608,planted_only
"86a83a8d5955abb8",1,-303.80603,-2164.239502,exploded
"86a83a8d5955abb8",2,-1991.536499,435.808594,exploded
"86a83a8d5955abb8",3,-1969.036987,450.030701,planted_only
"86a83a8d5955abb8",4,-516.123413,-1972.934326,exploded
"86a83a8d5955abb8",5,-1872.839355,242.078522,planted_only
"86a83a8d5955abb8",6,-302.094666,-2163.811279,planted_only
"86a83a8d5955abb8",7,-253.680603,-2139.800293,defused
"86a83a8d5955abb8",8,-1969.07666,450.061401,planted_only
"86a83a8d5955abb8",9,-408.683899,-2029.282349,planted_only
"86a83a8d5955abb8",10,-280.181763,-2158.004639,planted_only
"86a83a8d5955abb8",11,-1969.032349,450.03125,exploded
"86a83a8d5955abb8",13,-1987.059814,423.29422,exploded
"86a83a8d5955abb8",14,-457.470215,-1982.709351,exploded
"86a83a8d5955abb8",15,-442.766479,-2090.078857,exploded
"86a83a8d5955abb8",16,-461.161133,-1985.666504,exploded
"86a83a8d5955abb8",18,-450.993652,-1979.922241,planted_only
af5c94a9b9b4b6ef,7,-587.895142,-2205.493896,planted_only
af5c94a9b9b4b6ef,9,-252.523743,-2136.366211,defused
af5c94a9b9b4b6ef,13,-1993.505981,452.953033,defused
af5c94a9b9b4b6ef,16,-253.943542,-2139.149902,exploded
"6394adb370a024c4",4,-588.994324,-2194.379883,defused
"6394adb370a024c4",5,-1987.062866,411.702026,planted_only
"6394adb370a024c4",6,-1881.044556,242.069336,exploded
"6394adb370a024c4",8,-1889.044312,242.062653,exploded
"6394adb370a024c4",9,-584.943726,-2256.609375,exploded
"6394adb370a024c4",10,-1969.03125,450.05957,planted_only
"6394adb370a024c4",13,-1987.052124,422.134216,planted_only
"6394adb370a024c4",14,-620.454895,-2173.499512,planted_only
"6394adb370a024c4",15,-555.119385,-2129.631592,planted_only
"6394adb370a024c4",16,-1894.231201,242.062622,planted_only
"6394adb370a024c4",17,-350.656067,-2044.005371,exploded
"6394adb370a024c4",18,-303.132507,-2168.290771,planted_only
b3764366fb185cc0,1,-1969.03125,450.037415,planted_only
b3764366fb185cc0,3,-299.108154,-2013.019165,planted_only
b3764366fb185cc0,4,-572.956482,-2144.364502,planted_only
b3764366fb185cc0,5,-290.368408,-2160.672119,defused
b3764366fb185cc0,6,-457.706177,-1998.132324,exploded
b3764366fb185cc0,7,-494.143616,-2012.200684,planted_only
b3764366fb185cc0,8,-278.643677,-2157.596924,defused
b3764366fb185cc0,9,-534.653687,-1972.286987,exploded
b3764366fb185cc0,10,-275.60144,-2156.790527,planted_only
b3764366fb185cc0,11,-271.182007,-2155.585205,planted_only
b3764366fb185cc0,14,-591.227295,-1981.974121,defused
b3764366fb185cc0,15,-603.065247,-2155.697266,defused
b3764366fb185cc0,16,-2001.227661,159.026031,defused
"62fb056c88c365e6",4,-1987.079956,435.90979,defused
"62fb056c88c365e6",6,-253.935913,-2134.783447,planted_only
"62fb056c88c365e6",7,-407.291016,-1991.486938,exploded
"62fb056c88c365e6",12,-611.752991,-2251.273438,defused
"62fb056c88c365e6",13,-253.96875,-2134.075439,planted_only
"62fb056c88c365e6",14,-1894.682861,245.858002,exploded
"5b5534fa0e89a1cc",4,-253.967529,-2134.07666,exploded
"5b5534fa0e89a1cc",5,-1987.062744,429.047791,exploded
"5b5534fa0e89a1cc",6,-552.893799,-1975.578613,planted_only
"5b5534fa0e89a1cc",10,-1901.018921,242.062531,exploded
"5b5534fa0e89a1cc",11,-1987.059937,444.31543,exploded
"5b5534fa0e89a1cc",12,-1906.868408,242.062897,exploded
"5b5534fa0e89a1cc",13,-1908.66748,243.539948,defused
"5b5534fa0e89a1cc",14,-1989.307861,416.162384,defused
"5b5534fa0e89a1cc",19,-1989.81665,431.485168,planted_only
"5b5534fa0e89a1cc",20,-595.987854,-2151.608398,planted_only
df0b525227844b7c,3,-306.619629,-2165.656006,planted_only
df0b525227844b7c,4,-1987.062866,419.5784,exploded
df0b525227844b7c,6,-416.673584,-1996.581543,defused
df0b525227844b7c,8,-450.740601,-1978.464233,exploded
df0b525227844b7c,11,-1865.003662,242.027359,exploded
df0b525227844b7c,13,-414.424072,-1984.062866,defused
df0b525227844b7c,14,-594.52002,-1982.532104,exploded
df0b525227844b7c,17,-563.170654,-1977.293945,planted_only
df0b525227844b7c,18,-1876.677368,242.101883,exploded
df0b525227844b7c,21,-622.725464,-1987.065796,planted_only
df0b525227844b7c,23,-577.034851,-1979.587646,planted_only
df0b525227844b7c,24,-456.988403,-1987.469482,planted_only
df0b525227844b7c,26,-439.739624,-1982.25647,exploded
df0b525227844b7c,27,-554.916321,-2103.710205,defused
df0b525227844b7c,28,-1969.061523,450.054047,defused
df0b525227844b7c,31,-275.821106,-2156.950928,planted_only
"6716f721d3b95b26",1,-264.200195,-2153.768555,defused
"6716f721d3b95b26",2,-494.828613,-1980.751343,planted_only
"6716f721d3b95b26",3,-464.086914,-1981.13501,exploded
"6716f721d3b95b26",4,-1969.042847,450.057953,exploded
"6716f721d3b95b26",6,-1969.03125,450.049255,exploded
"6716f721d3b95b26",7,-440.420288,-1983.747314,planted_only
"6716f721d3b95b26",9,-1987.062622,434.349609,exploded
"6716f721d3b95b26",13,-1987.062866,431.676971,planted_only
"6716f721d3b95b26",15,-1904.416138,327.289185,planted_only
"6716f721d3b95b26",17,-1988.232422,430.504395,exploded
"6716f721d3b95b26",18,-1969.031738,450.043457,exploded
"6716f721d3b95b26",19,-2056.525146,441.067413,exploded
"6716f721d3b95b26",21,-1969.038696,450.0289,planted_only
f0706bd9d0abc1fe,1,-303.505737,-2017.417114,planted_only
f0706bd9d0abc1fe,3,-1893.338867,242.062546,planted_only
f0706bd9d0abc1fe,5,-468.486572,-1999.031128,exploded
f0706bd9d0abc1fe,6,-1987.040039,414.136108,exploded
f0706bd9d0abc1fe,8,-1987.077637,432.075714,defused
f0706bd9d0abc1fe,9,-581.438538,-2143.273193,defused
f0706bd9d0abc1fe,12,-1867.948975,242.130508,exploded
f0706bd9d0abc1fe,13,-1888.464233,245.84903,defused
f0706bd9d0abc1fe,16,-554.937134,-2108.76123,exploded
f0706bd9d0abc1fe,17,-460.539429,-1990.337524,exploded
f0706bd9d0abc1fe,18,-452.730957,-1979.390381,defused
acdd50f6a2aae573,3,-1987.06665,424.146179,planted_only
acdd50f6a2aae573,6,-306.452393,-2164.935303,exploded
acdd50f6a2aae573,11,-452.263672,-2013.790283,planted_only
acdd50f6a2aae573,13,-253.312134,-2144.486084,defused
acdd50f6a2aae573,15,-254.314636,-2153.42041,planted_only
acdd50f6a2aae573,16,-476.271606,-1987.22583,defused
acdd50f6a2aae573,17,-251.996338,-2163.876221,planted_only
acdd50f6a2aae573,19,-1987.062988,411.367523,planted_only
ac6924b5f306b714,3,-316.048218,-2167.47876,exploded
ac6924b5f306b714,5,-1987.062622,422.878571,exploded
ac6924b5f306b714,6,-443.148315,-1989.151733,exploded
ac6924b5f306b714,7,-1992.944336,434.423309,exploded
ac6924b5f306b714,9,-419.25647,-1984.751099,planted_only
ac6924b5f306b714,11,-607.05719,-1976.606689,planted_only
ac6924b5f306b714,13,-557.547791,-2241.946533,defused
ac6924b5f306b714,16,-433.456726,-1981.900146,planted_only
ac6924b5f306b714,17,-283.831299,-2160.818115,planted_only
ac6924b5f306b714,18,-1998.380127,363.544128,defused
ac6924b5f306b714,20,-399.213379,-1992.285889,exploded
b1b5c3d3ff0eebcf,9,-253.96875,-2136.421143,exploded
b1b5c3d3ff0eebcf,10,-1898.662109,242.033096,defused
b1b5c3d3ff0eebcf,11,-1987.06897,415.543579,exploded
b1b5c3d3ff0eebcf,12,-1975.547729,450.062897,exploded
b1b5c3d3ff0eebcf,13,-486.222046,-1999.457886,planted_only
b1b5c3d3ff0eebcf,14,-434.677368,-1981.997559,exploded
b1b5c3d3ff0eebcf,15,-554.963501,-2103.724121,exploded
b1b5c3d3ff0eebcf,16,-2001.269775,159.054337,defused
b1b5c3d3ff0eebcf,19,-496.323792,-1993.531372,planted_only
f1155c4667055301,1,-442.460938,-1985.706299,exploded
f1155c4667055301,7,-253.961182,-2145.163574,planted_only
f1155c4667055301,8,-579.874023,-2142.36792,exploded
f1155c4667055301,13,-285.618225,-2194.578369,defused
f1155c4667055301,14,-545.518311,-1974.390381,planted_only
f1155c4667055301,15,-282.939575,-2158.702637,defused
f1155c4667055301,16,-461.25708,-1980.057617,exploded
f1155c4667055301,20,-605.793274,-1984.424927,planted_only
f1155c4667055301,22,-249.79834,-2137.062744,planted_only
"7aa99739d81badc1",1,-1969.044312,450.065155,planted_only
"7aa99739d81badc1",2,-477.191284,-1975.200928,planted_only
"7aa99739d81badc1",3,-283.514771,-2158.889893,exploded
"7aa99739d81badc1",4,-258.767517,-2152.328613,planted_only
"7aa99739d81badc1",5,-1898.159302,245.459335,planted_only
"7aa99739d81badc1",6,-475.94397,-2010.431885,planted_only
"7aa99739d81badc1",7,-459.216675,-1989.778687,defused
"7aa99739d81badc1",9,-2198.96875,89.039978,planted_only
"7aa99739d81badc1",12,-568.132996,-1978.124878,defused
"5c202255dcaea603",6,-1969.072266,450.03125,defused
"5c202255dcaea603",7,-504.403015,-1976.352051,planted_only
"5c202255dcaea603",11,-270.389221,-2156.609375,exploded
"5c202255dcaea603",14,-311.679565,-2015.008301,planted_only
"5c202255dcaea603",15,-1884.93811,325.419922,planted_only
"5c202255dcaea603",16,-1979.884155,450.072021,planted_only
"5c202255dcaea603",19,-253.948486,-2134.095703,defused
ecf6cb964847c53f,1,-1969.057007,450.03125,defused
ecf6cb964847c53f,2,-497.8302,-1993.996582,exploded
ecf6cb964847c53f,3,-253.969971,-2144.350098,planted_only
ecf6cb964847c53f,4,-296.733398,-2003.82959,planted_only
ecf6cb964847c53f,5,-445.145142,-1998.793579,planted_only
ecf6cb964847c53f,7,-496.348328,-1998.909668,planted_only
ecf6cb964847c53f,8,-411.749146,-1988.236938,exploded
ecf6cb964847c53f,14,-284.070801,-2159.035645,exploded
ecf6cb964847c53f,15,-260.512939,-2153.106445,planted_only
ecf6cb964847c53f,16,-1929.239746,242.070435,planted_only
ecf6cb964847c53f,17,-253.937012,-2142.510986,planted_only
ecf6cb964847c53f,18,-561.88385,-1977.083618,exploded
ecf6cb964847c53f,19,-2198.96875,89.042534,planted_only
ecf6cb964847c53f,21,-1969.0625,450.045868,planted_only
"512f65d79752db5b",3,-462.029663,-1980.098633,planted_only
"512f65d79752db5b",8,-1898.54541,242.084656,exploded
"512f65d79752db5b",12,-1872.224854,242.070114,exploded
"512f65d79752db5b",15,-630.859985,-1981.596436,defused
"512f65d79752db5b",19,-428.326294,-1986.501709,planted_only
"512f65d79752db5b",20,-253.96875,-2136.88208,planted_only
"512f65d79752db5b",21,-445.044556,-1988.396973,defused
"6f0ae805faa2da5d",2,-280.79657,-2158.167725,defused
"6f0ae805faa2da5d",6,-494.278442,-2006.144531,planted_only
"6f0ae805faa2da5d",13,-608.840942,-2175.922607,planted_only
"6f0ae805faa2da5d",14,-253.971313,-2135.704346,planted_only
"3aef82602b64df49",1,-556.38324,-1976.188477,planted_only
"3aef82602b64df49",2,-1888.806641,242.062943,planted_only
"3aef82602b64df49",3,-522.283142,-2255.389893,planted_only
"3aef82602b64df49",4,-1969.032715,450.03125,exploded
"3aef82602b64df49",12,-341.819092,-2041.634399,exploded
"3aef82602b64df49",13,-1978.624023,450.0625,defused
"3aef82602b64df49",14,-566.641174,-1977.839966,defused
"3aef82602b64df49",15,-1969.03125,450.036224,planted_only
"3aef82602b64df49",16,-1969.058594,450.03125,exploded
"3aef82602b64df49",17,-1969.046875,450.03125,planted_only
"3aef82602b64df49",20,-271.236816,-2155.6875,defused
"57fc4ddfd0f33850",1,-487.115356,-2025.872803,planted_only
"57fc4ddfd0f33850",4,-1969.03125,450.044312,planted_only
"57fc4ddfd0f33850",5,-493.852234,-2019.476318,planted_only
"57fc4ddfd0f33850",11,-292.329407,-2006.188721,defused
"57fc4ddfd0f33850",12,-1890.695557,242.062897,exploded
"57fc4ddfd0f33850",15,-1876.870361,242.062912,exploded
"57fc4ddfd0f33850",17,-270.765747,-2155.661865,defused
"567d936e05038078",3,-327.397583,-2006.505615,exploded
"567d936e05038078",4,-493.816284,-2015.619385,exploded
"567d936e05038078",5,-315.282227,-2029.182983,planted_only
"567d936e05038078",6,-1987.062744,378.8255,planted_only
"567d936e05038078",7,-495.074402,-1989.736694,planted_only
"567d936e05038078",8,-1882.607056,242.062836,planted_only
"567d936e05038078",9,-300.086304,-2163.442627,planted_only
"567d936e05038078",10,-405.651001,-2030.810303,exploded
"567d936e05038078",16,-2189.083496,263.992645,planted_only
c0a9626907f6487d,1,-422.217651,-1995.183228,planted_only
c0a9626907f6487d,2,-253.809937,-2143.731445,exploded
c0a9626907f6487d,10,-440.344299,-1980.630371,planted_only
c0a9626907f6487d,15,-2022.345581,448.453552,planted_only
c0a9626907f6487d,18,-253.897644,-2143.305664,planted_only
c0a9626907f6487d,19,-253.968323,-2134.075928,planted_only
c0a9626907f6487d,20,-1969.035767,450.058685,planted_only
"7dd33b8d61df65e",1,-293.430176,-2164.013184,planted_only
"7dd33b8d61df65e",9,-1987.033691,427.483551,exploded
"7dd33b8d61df65e",10,-2094.925293,445.927399,exploded
"7dd33b8d61df65e",11,-286.866943,-2159.776855,planted_only
"7dd33b8d61df65e",15,-1882.574951,242.063644,exploded
"7dd33b8d61df65e",22,-271.273315,-2213.699219,planted_only
f703badc67aea0fe,1,-598.977539,-1983.265991,exploded
f703badc67aea0fe,5,-424.9953,-1983.690308,exploded
f703badc67aea0fe,7,-557.111145,-1976.224609,planted_only
f703badc67aea0fe,8,-494.043945,-2015.017212,exploded
f703badc67aea0fe,9,-574.147522,-2139.07666,planted_only
f703badc67aea0fe,10,-1909.862305,242.044769,planted_only
f703badc67aea0fe,11,-1987.037964,415.299683,planted_only
f703badc67aea0fe,13,-554.94458,-2103.689209,defused
f703badc67aea0fe,16,-450.655518,-1979.56897,exploded
f703badc67aea0fe,17,-1901.337891,324.844086,defused
f703badc67aea0fe,18,-607.841248,-1984.294678,exploded
f703badc67aea0fe,19,-272.992859,-2156.079834,defused
a62fe0afd3034f42,1,-1903.809082,242.070587,exploded
a62fe0afd3034f42,2,-253.937317,-2150.118896,exploded
a62fe0afd3034f42,3,-307.05072,-2017.208862,exploded
a62fe0afd3034f42,6,-1987.067749,432.768494,exploded
a62fe0afd3034f42,7,-577.084167,-1979.649048,exploded
a62fe0afd3034f42,8,-1969.029541,450.029053,exploded
a62fe0afd3034f42,9,-1987.062744,425.934509,exploded
a62fe0afd3034f42,10,-301.284546,-2175.762207,defused
a62fe0afd3034f42,11,-1987.041504,400.740234,exploded
a62fe0afd3034f42,13,-1901.710327,242.082092,exploded
a62fe0afd3034f42,14,-1969.072388,450.044067,exploded
a62fe0afd3034f42,16,-355.24292,-2024.500366,defused
a62fe0afd3034f42,18,-1987.065552,393.786163,defused
"79e72cc113e197a3",1,-1994.066406,417.431763,exploded
"79e72cc113e197a3",2,-592.44635,-2149.593262,exploded
"79e72cc113e197a3",3,-325.54834,-2037.317505,exploded
"79e72cc113e197a3",7,-2047.321777,429.733856,exploded
"79e72cc113e197a3",9,-253.96875,-2134.078857,planted_only
"79e72cc113e197a3",12,-573.887512,-1979.078369,exploded
"79e72cc113e197a3",13,-1996.157104,434.65683,planted_only
"79e72cc113e197a3",15,-479.040039,-1999.834839,exploded
"79e72cc113e197a3",19,-572.99054,-2138.44043,exploded
e097ff1c532969b1,1,-1969.030518,450.029541,defused
e097ff1c532969b1,9,-253.960632,-2147.803711,planted_only
e097ff1c532969b1,10,-480.027344,-1981.718262,defused
e097ff1c532969b1,13,-1908.475464,242.063431,defused
e097ff1c532969b1,15,-588.089355,-1981.451416,exploded
e097ff1c532969b1,16,-600.321411,-1983.486084,exploded
ca48736f113f2ac,4,-1987.060059,432.090302,exploded
ca48736f113f2ac,6,-1880.997803,242.062775,exploded
ca48736f113f2ac,8,-554.937195,-2116.868408,defused
ca48736f113f2ac,9,-1891.532227,242.772751,planted_only
ca48736f113f2ac,10,-1987.072021,407.503448,defused
ca48736f113f2ac,11,-1874.62793,242.036774,planted_only
ca48736f113f2ac,13,-427.469116,-2097.323242,defused
ca48736f113f2ac,16,-1987.062744,421.366455,planted_only
ca48736f113f2ac,18,-314.393311,-2016.81189,exploded
ca48736f113f2ac,19,-576.707886,-1979.396973,exploded
ca48736f113f2ac,20,-575.247498,-1979.296143,planted_only
ca48736f113f2ac,26,-287.481323,-2168.100586,defused
fdee9a7771d80500,1,-267.950073,-2164.592041,planted_only
fdee9a7771d80500,4,-321.042236,-2034.953613,exploded
fdee9a7771d80500,5,-1991.009155,441.806335,defused
fdee9a7771d80500,6,-1969.058838,450.028687,defused
fdee9a7771d80500,8,-405.930054,-1998.350708,planted_only
fdee9a7771d80500,9,-417.553833,-1983.8302,exploded
fdee9a7771d80500,11,-600.300354,-1983.121216,defused
fdee9a7771d80500,12,-1991.962646,444.989777,exploded
fdee9a7771d80500,16,-1969.045166,450.03125,defused
fdee9a7771d80500,18,-485.016541,-1985.774414,defused
fdee9a7771d80500,19,-452.841431,-1981.538452,exploded
fdee9a7771d80500,20,-439.428284,-1982.062622,defused
"36a673862bdb4b0a",3,-1969.031372,450.030884,exploded
"36a673862bdb4b0a",5,-425.191956,-2011.097534,exploded
"36a673862bdb4b0a",6,-253.948242,-2141.805176,defused
"36a673862bdb4b0a",7,-1934.596924,327.937408,defused
"36a673862bdb4b0a",8,-414.983887,-1995.194458,exploded
"36a673862bdb4b0a",9,-1918.456665,242.032516,exploded
"36a673862bdb4b0a",10,-2057.468262,86.809097,planted_only
"36a673862bdb4b0a",15,-1973.591431,450.103088,defused
"36a673862bdb4b0a",16,-317.534302,-2167.873291,planted_only
"36a673862bdb4b0a",18,-479.876526,-1981.046143,exploded
d34890392be91652,1,-631.52948,-2182.197754,planted_only
d34890392be91652,3,-1969.03125,450.057495,exploded
d34890392be91652,4,-1894.692993,242.062927,planted_only
d34890392be91652,5,-303.276001,-2017.194092,exploded
d34890392be91652,8,-318.899719,-2032.810791,exploded
d34890392be91652,9,-1969.096924,450.066772,planted_only
d34890392be91652,11,-554.856323,-2103.706299,exploded
d34890392be91652,13,-607.971924,-2158.516113,exploded
d34890392be91652,15,-1906.29187,242.062668,exploded
d34890392be91652,16,-496.906494,-1988.749634,defused
c31def158f1ff22a,3,-446.347656,-1989.501587,exploded
c31def158f1ff22a,8,-1971.716919,450.062805,exploded
c31def158f1ff22a,9,-253.96875,-2134.075684,exploded
c31def158f1ff22a,10,-498.644897,-1977.573364,planted_only
c31def158f1ff22a,12,-615.880188,-1976.237183,exploded
c31def158f1ff22a,13,-621.638306,-2166.372314,planted_only
c31def158f1ff22a,14,-1969.033081,450.028839,exploded
c31def158f1ff22a,19,-589.531555,-1981.723633,planted_only
c31def158f1ff22a,20,-411.896118,-2009.958008,defused
c31def158f1ff22a,21,-287.733521,-2160.006592,exploded
c31def158f1ff22a,22,-611.475098,-2160.664795,exploded
c31def158f1ff22a,24,-497.16626,-1998.316528,defused
c31def158f1ff22a,25,-1904.820068,242.062927,planted_only
c31def158f1ff22a,26,-499.76593,-1972.189209,exploded
c31def158f1ff22a,27,-274.184448,-2160.800293,defused
c31def158f1ff22a,28,-396.872742,-1989.887817,exploded
a24d129cf77fb424,4,-295.071838,-2162.085938,defused
a24d129cf77fb424,5,-1987.062866,415.625336,planted_only
a24d129cf77fb424,6,-1987.060181,405.422455,planted_only
a24d129cf77fb424,7,-274.586304,-2156.498779,defused
a24d129cf77fb424,16,-306.07959,-2019.990967,exploded
a24d129cf77fb424,21,-570.898865,-1978.585938,defused
a24d129cf77fb424,22,-554.96875,-2103.703857,planted_only
cc49035552e3cce9,1,-432.515869,-1985.52356,planted_only
cc49035552e3cce9,2,-253.937256,-2147.413574,planted_only
cc49035552e3cce9,3,-1929.869141,242.062637,exploded
cc49035552e3cce9,4,-430.109619,-1986.930786,exploded
cc49035552e3cce9,6,-442.753357,-1983.381714,exploded
cc49035552e3cce9,7,-253.85675,-2148.668945,exploded
cc49035552e3cce9,8,-363.475098,-2043.733765,exploded
cc49035552e3cce9,10,-253.968811,-2134.075439,exploded
cc49035552e3cce9,11,-341.587341,-1999.439453,defused
cc49035552e3cce9,12,-1969.032227,450.03125,exploded
cc49035552e3cce9,14,-289.531006,-2160.451904,defused
cc49035552e3cce9,15,-301.295898,-2163.601318,defused
cc49035552e3cce9,16,-502.227051,-1973.117065,exploded
cc49035552e3cce9,17,-1903.577026,327.714752,planted_only
cc49035552e3cce9,18,-1969.062866,450.030548,exploded
cc49035552e3cce9,19,-448.677124,-1993.892944,planted_only
cc49035552e3cce9,20,-1902.001953,242.149994,exploded
cc49035552e3cce9,21,-1987.067871,427.938568,exploded
cc49035552e3cce9,22,-1987.068359,417.792664,exploded
"70116a9d8708bbd2",3,-460.105591,-1982.342651,defused
"70116a9d8708bbd2",4,-1897.041382,242.670929,defused
"70116a9d8708bbd2",5,-596.82251,-1979.981323,exploded
"70116a9d8708bbd2",6,-288.768677,-2160.245605,exploded
"70116a9d8708bbd2",7,-625.980042,-1990.591309,exploded
"70116a9d8708bbd2",8,-298.456787,-2162.848877,exploded
"70116a9d8708bbd2",9,-1902.072266,242.062836,planted_only
"70116a9d8708bbd2",10,-1905.397095,242.03125,defused
"70116a9d8708bbd2",12,-294.066162,-2161.665283,exploded
"70116a9d8708bbd2",13,-2000.941895,430.758148,planted_only
"70116a9d8708bbd2",14,-331.387939,-2015.48877,exploded
"70116a9d8708bbd2",20,-498.145142,-1992.442871,planted_only
ef76fcf08c9c41d4,1,-2198.96875,89.044922,planted_only
ef76fcf08c9c41d4,5,-614.662109,-1985.895142,exploded
ef76fcf08c9c41d4,8,-1869.813599,242.225845,planted_only
ef76fcf08c9c41d4,10,-564.181763,-1977.466431,exploded
ef76fcf08c9c41d4,11,-402.518372,-2011.964722,exploded
ef76fcf08c9c41d4,13,-590.330139,-2148.377197,planted_only
ef76fcf08c9c41d4,15,-460.856018,-1981.558472,exploded
ef76fcf08c9c41d4,16,-253.96875,-2134.075439,planted_only
"41fe1816bc30c669",3,-1917.653809,242.064102,planted_only
"41fe1816bc30c669",4,-501.351196,-1990.495361,defused
"41fe1816bc30c669",5,-1970.085571,451.385437,planted_only
"41fe1816bc30c669",6,-256.550659,-2191.106689,exploded
"41fe1816bc30c669",7,-621.168152,-1967.936157,exploded
"41fe1816bc30c669",8,-494.451538,-1992.426025,planted_only
"41fe1816bc30c669",9,-2201.290527,322.937134,exploded
"41fe1816bc30c669",13,-570.203979,-2136.808105,planted_only
"41fe1816bc30c669",14,-1969.02771,450.054718,planted_only
"41fe1816bc30c669",15,-1969.047729,450.062561,exploded
"41fe1816bc30c669",16,-262.224976,-2153.405029,defused
"41fe1816bc30c669",17,-617.423157,-1979.098999,exploded
"41fe1816bc30c669",18,-267.49176,-2211.231201,exploded
d10ce9b4b35db17b,4,-1969.446289,450.062927,exploded
d10ce9b4b35db17b,5,-1905.826416,242.656738,exploded
d10ce9b4b35db17b,6,-501.419189,-1990.560181,planted_only
d10ce9b4b35db17b,7,-1940.957031,327.935394,planted_only
d10ce9b4b35db17b,8,-589.394226,-1981.63916,planted_only
d10ce9b4b35db17b,9,-454.605957,-2198.688721,planted_only
d10ce9b4b35db17b,10,-1924.757446,242.062805,exploded
d10ce9b4b35db17b,12,-473.661743,-1979.312134,exploded
d10ce9b4b35db17b,13,-554.969055,-2105.953857,planted_only
d10ce9b4b35db17b,14,-1987.064331,420.840271,exploded
d10ce9b4b35db17b,15,-564.421082,-2172.657715,exploded
d10ce9b4b35db17b,16,-252.553467,-2137.295166,planted_only
d10ce9b4b35db17b,20,-559.218018,-1976.627563,planted_only
"42c95ab5bb33fbc9",4,-1883.917847,242.074524,exploded
"42c95ab5bb33fbc9",5,-267.601807,-2154.638672,exploded
"42c95ab5bb33fbc9",12,-281.134277,-2158.257324,defused
"42c95ab5bb33fbc9",13,-596.021484,-2151.658447,planted_only
"42c95ab5bb33fbc9",14,-605.669189,-2157.20459,planted_only
"42c95ab5bb33fbc9",15,-1969.032104,450.03125,planted_only
"92de1b53f67fffcd",1,-494.785583,-1991.34314,defused
"92de1b53f67fffcd",2,-392.549316,-1989.125977,exploded
"92de1b53f67fffcd",12,-253.97168,-2142.796143,planted_only
"92de1b53f67fffcd",16,-498.162598,-1991.752686,defused
"92de1b53f67fffcd",21,-398.412476,-2057.556885,planted_only
"42d8bad9b90e9c7",1,-599.520508,-2153.662109,planted_only
"42d8bad9b90e9c7",2,-1987.062744,408.313599,exploded
"42d8bad9b90e9c7",3,-267.49231,-2154.609863,exploded
"42d8bad9b90e9c7",4,-616.71582,-1986.22229,defused
"42d8bad9b90e9c7",10,-1901.614258,242.064194,defused
"42d8bad9b90e9c7",13,-578.338501,-2141.505859,planted_only
"42d8bad9b90e9c7",16,-612.248901,-2292.456543,exploded
"42d8bad9b90e9c7",20,-518.297363,-1972.962524,planted_only
"4cd3de9691838b8b",1,-482.149658,-2029.641479,planted_only
"4cd3de9691838b8b",2,-293.575256,-2161.554932,exploded
"4cd3de9691838b8b",3,-1892.816895,242.050751,exploded
"4cd3de9691838b8b",5,-253.96875,-2134.075684,planted_only
"4cd3de9691838b8b",8,-1987.062744,411.524963,planted_only
"4cd3de9691838b8b",9,-374.616211,-2018.462524,planted_only
"4cd3de9691838b8b",10,-423.286011,-1982.953979,planted_only
"4cd3de9691838b8b",11,-264.419128,-2154.739746,planted_only
"630088bb1b27ebff",1,-458.918823,-1991.745117,planted_only
"630088bb1b27ebff",2,-485.711426,-1984.062866,planted_only
c86922d0f8fea8c6,1,-253.96875,-2134.075439,planted_only
c86922d0f8fea8c6,3,-1897.548584,242.062408,exploded
c86922d0f8fea8c6,5,-431.089355,-1982.758179,defused
c86922d0f8fea8c6,10,-371.799683,-2162.801758,exploded
c86922d0f8fea8c6,11,-599.027832,-2157.021484,exploded
"6e0e8a618cacdda5",1,-547.082031,-1974.616455,defused
"6e0e8a618cacdda5",3,-1969.044434,450.03125,defused
"6e0e8a618cacdda5",5,-1987.061157,410.368042,planted_only
"6e0e8a618cacdda5",7,-1987.03125,414.602386,exploded
"6e0e8a618cacdda5",8,-1987.200073,437.13559,exploded
"6e0e8a618cacdda5",9,-1987.062866,438.267456,planted_only
"6e0e8a618cacdda5",10,-557.084839,-1975.379272,defused
f105089e01a366e2,1,-253.391602,-2175.169922,exploded
f105089e01a366e2,3,-1995.122437,410.292877,exploded
f105089e01a366e2,7,-535.605835,-1972.50061,exploded
f105089e01a366e2,8,-416.62085,-2003.272949,planted_only
f105089e01a366e2,9,-494.959595,-2009.200439,exploded
f105089e01a366e2,11,-311.621643,-2025.533203,exploded
f105089e01a366e2,12,-1969.03125,450.048737,exploded
f105089e01a366e2,13,-452.574707,-1979.828613,defused
f105089e01a366e2,15,-475.045654,-1987.02356,planted_only
f105089e01a366e2,19,-478.262268,-1981.585571,planted_only
f105089e01a366e2,20,-410.826843,-1993.684204,planted_only
f105089e01a366e2,21,-253.96875,-2143.155762,planted_only
f105089e01a366e2,22,-1903.779663,242.074875,defused
addeab3e73dfac5,2,-1987.047729,412.437408,exploded
addeab3e73dfac5,3,-1904.255615,245.811295,exploded
addeab3e73dfac5,4,-2009.287476,443.267853,planted_only
addeab3e73dfac5,8,-420.749451,-1984.122437,planted_only
addeab3e73dfac5,9,-546.161804,-1974.463501,exploded
addeab3e73dfac5,10,-1987.079224,438.565887,exploded
addeab3e73dfac5,12,-1901.010986,258.033081,exploded
addeab3e73dfac5,14,-1969.062622,450.059662,exploded
addeab3e73dfac5,15,-1969.051636,450.059937,planted_only
addeab3e73dfac5,17,-611.736694,-2168.540283,planted_only
addeab3e73dfac5,18,-363.255432,-2237.293945,planted_only
addeab3e73dfac5,19,-614.562012,-2162.303223,planted_only
addeab3e73dfac5,21,-1987.067017,403.471497,defused
addeab3e73dfac5,23,-1987.075439,411.71106,defused
"963672906ef564fe",4,-1885.701294,249.353149,planted_only
"963672906ef564fe",5,-272.575806,-2155.988525,planted_only
"963672906ef564fe",7,-1969.036377,450.03125,exploded
"963672906ef564fe",8,-1987.074341,421.026398,planted_only
"963672906ef564fe",9,-286.80304,-2173.962158,exploded
"963672906ef564fe",11,-1969.03125,450.032257,exploded
"963672906ef564fe",12,-1889.375977,242.062927,exploded
"963672906ef564fe",13,-571.830688,-1978.733276,exploded
"963672906ef564fe",14,-435.627502,-2004.293945,exploded
"963672906ef564fe",16,-585.36322,-1980.988403,defused
cce09abab8ab8363,1,-286.949768,-2167.15332,defused
cce09abab8ab8363,13,-565.156311,-1977.623901,planted_only
"62445b77e1210be9",6,-1978.61377,450.062927,exploded
"62445b77e1210be9",7,-1880.003418,242.062881,exploded
"62445b77e1210be9",8,-1987.063354,417.742767,exploded
"62445b77e1210be9",10,-554.330566,-2167.458252,planted_only
"62445b77e1210be9",11,-610.205505,-2159.780518,defused
"62445b77e1210be9",13,-552.969421,-2126.93042,planted_only
"62445b77e1210be9",18,-325.819946,-2034.954102,planted_only
"62445b77e1210be9",20,-554.937439,-2103.703613,planted_only
"2c61e42af43466e6",1,-253.96875,-2134.081787,defused
"2c61e42af43466e6",2,-533.874023,-1972.9375,defused
"2c61e42af43466e6",6,-255.716064,-2151.486816,defused
"2c61e42af43466e6",11,-1987.062622,424.463959,defused
"2c61e42af43466e6",13,-1988.945312,430.696655,planted_only
d580b4141bd005e6,1,-251.708801,-2147.363037,planted_only
d580b4141bd005e6,2,-267.473145,-2154.638428,exploded
d580b4141bd005e6,3,-270.650879,-2159.255371,exploded
d580b4141bd005e6,7,-445.46167,-2027.334473,defused
d580b4141bd005e6,8,-481.537476,-2120.16748,defused
d580b4141bd005e6,9,-1878.472534,242.062576,planted_only
d580b4141bd005e6,10,-253.948853,-2148.205566,planted_only
d580b4141bd005e6,11,-1900.499878,327.935028,planted_only
d580b4141bd005e6,13,-253.971069,-2134.072998,defused
d580b4141bd005e6,17,-542.682739,-1973.883545,defused
d580b4141bd005e6,18,-2001.062988,180.930588,planted_only
d580b4141bd005e6,19,-1986.184082,454.194641,exploded
d580b4141bd005e6,22,-2198.960449,89.031242,defused
"1ecc6fdb1ad6756c",2,-271.559509,-2155.719238,planted_only
"1ecc6fdb1ad6756c",3,-1896.595215,242.049713,planted_only
"1ecc6fdb1ad6756c",4,-576.924072,-1979.576294,planted_only
"1ecc6fdb1ad6756c",5,-554.349304,-2129.640869,planted_only
"1ecc6fdb1ad6756c",6,-318.856812,-2032.768799,planted_only
"1ecc6fdb1ad6756c",7,-424.740417,-1985.005005,planted_only
"1ecc6fdb1ad6756c",8,-1987.082031,406.028778,planted_only
"1ecc6fdb1ad6756c",9,-1895.903564,242.107056,planted_only
"1ecc6fdb1ad6756c",10,-491.128906,-1984.532593,planted_only
a1d78f7cde4e833b,4,-254.483154,-2153.085449,planted_only
a1d78f7cde4e833b,5,-424.32019,-1986.538696,planted_only
a1d78f7cde4e833b,6,-554.22821,-1975.792236,planted_only
a1d78f7cde4e833b,7,-294.198486,-2161.720215,exploded
a1d78f7cde4e833b,8,-393.744629,-1986.947144,planted_only
a1d78f7cde4e833b,9,-253.938965,-2147.52417,exploded
a1d78f7cde4e833b,10,-1987.374268,447.233521,exploded
a1d78f7cde4e833b,13,-1987.062744,434.452118,planted_only
a1d78f7cde4e833b,14,-381.420898,-2126.724121,planted_only
a1d78f7cde4e833b,17,-546.624451,-1974.540405,defused
a1d78f7cde4e833b,18,-1883.826172,242.086655,planted_only
dc37112aceedfa21,1,-253.968018,-2134.082275,defused
dc37112aceedfa21,2,-255.963867,-2156.277832,defused
dc37112aceedfa21,5,-454.660706,-2127.069092,defused
"87ce682ad0c8870c",1,-1987.072388,424.202759,planted_only
"87ce682ad0c8870c",4,-280.945312,-2161.028564,planted_only
"87ce682ad0c8870c",5,-478.450806,-1979.749268,exploded
"87ce682ad0c8870c",6,-1970.405762,450.03125,exploded
"87ce682ad0c8870c",7,-253.966492,-2134.077637,planted_only
"87ce682ad0c8870c",9,-2037.680176,90.257416,exploded
"87ce682ad0c8870c",10,-1969.031494,450.03125,exploded
e84bb6eb99f991ea,1,-1926.244751,242.039047,exploded
e84bb6eb99f991ea,9,-425.883118,-1992.501953,defused
e84bb6eb99f991ea,13,-1867.553589,254.27774,planted_only
"6001a40aad334cc",4,-573.678162,-1979.07959,planted_only
"6001a40aad334cc",6,-596.578979,-1982.865967,planted_only
"6001a40aad334cc",7,-502.223267,-1990.058105,planted_only
"6001a40aad334cc",13,-1911.887695,242.062469,defused
"6001a40aad334cc",15,-1969.054565,450.03125,exploded
"6001a40aad334cc",16,-1907.421387,242.207687,planted_only
"6001a40aad334cc",17,-259.461426,-2181.063232,exploded
"6001a40aad334cc",18,-601.87439,-1983.748901,defused
"6001a40aad334cc",19,-548.894531,-2108.185303,defused
aae5c8235df84555,1,-253.963013,-2134.081299,exploded
aae5c8235df84555,2,-497.950562,-1995.587524,exploded
aae5c8235df84555,4,-265.688232,-2154.130615,exploded
aae5c8235df84555,5,-255.341919,-2177.937744,exploded
aae5c8235df84555,7,-1969.044312,450.029144,planted_only
aae5c8235df84555,8,-1903.92041,242.062729,exploded
aae5c8235df84555,10,-625.932129,-1990.589722,exploded
aae5c8235df84555,11,-523.092529,-1972.935303,exploded
aae5c8235df84555,16,-270.791504,-2155.523682,defused
"528422fb7b9b9ea1",1,-1923.490479,242.062805,exploded
"528422fb7b9b9ea1",2,-502.175415,-1971.404663,planted_only
"528422fb7b9b9ea1",6,-430.752197,-1984.193604,planted_only
"528422fb7b9b9ea1",7,-1987.065063,437.452484,exploded
"528422fb7b9b9ea1",8,-1969.062866,453.444977,planted_only
"528422fb7b9b9ea1",9,-595.544006,-1982.612427,exploded
"528422fb7b9b9ea1",12,-270.93396,-2155.553467,exploded
"528422fb7b9b9ea1",13,-1987.062622,408.090546,exploded
"528422fb7b9b9ea1",15,-611.271484,-2160.412109,planted_only
"528422fb7b9b9ea1",17,-1915.231201,245.711548,planted_only
"528422fb7b9b9ea1",21,-617.302917,-1986.323242,exploded
"528422fb7b9b9ea1",22,-1969.031128,450.030548,exploded
"528422fb7b9b9ea1",23,-1987.083984,419.285095,planted_only
"528422fb7b9b9ea1",24,-435.372437,-1989.144287,exploded
"315c2968095fe213",2,-1900.206909,242.06279,planted_only
"315c2968095fe213",3,-1987.321411,416.853638,exploded
"315c2968095fe213",5,-629.825623,-1990.172729,planted_only
"315c2968095fe213",7,-288.720947,-2160.268311,exploded
"315c2968095fe213",8,-1987.062988,444.007141,exploded
"315c2968095fe213",9,-254.197144,-2151.11084,planted_only
"315c2968095fe213",10,-1919.532227,327.96582,planted_only
"315c2968095fe213",11,-253.937378,-2148.411133,planted_only
"315c2968095fe213",13,-571.523865,-2165.593506,planted_only
"315c2968095fe213",14,-253.96875,-2134.075439,exploded
"315c2968095fe213",16,-1987.060669,411.868469,exploded
"315c2968095fe213",18,-446.718262,-1982.659424,exploded
"315c2968095fe213",20,-253.94281,-2147.901123,exploded
