"checksum","name","game","source","type","date","map_name","tick_count","tickrate","framerate","duration","server_name","client_name","network_protocol","build_number","share_code"
"472ac3e23ebc878b",vitality-vs-the-mongolz-m1-mirage,CS2,valve,GOTV,2026-02-21 19:46:31.000 +0000,de_mirage,212756,64.0,68.377557,3324.0,Counter-Strike 2,SourceTV Demo,14135,10680,""
"30a44e42b240657d",crashers-vs-four-magic-m2-dust2,CS2,valve,GOTV,2026-01-16 15:33:28.000 +0000,de_dust2,166415,64.0,67.342308,2600.0,FantasyExpo,SourceTV Demo,14129,10603,""
"23c081609773aaf2",hemmaplan-vs-heroic-academy-ancient,CS2,valve,GOTV,2026-01-16 13:26:55.000 +0000,de_ancient,114220,64.0,67.366592,1784.0,challengermode.com - Register to join,SourceTV Demo,14129,10603,""
"568fec5b6649fa4",semperfi-vs-tricked-inferno,CS2,valve,GOTV,2026-01-16 13:29:43.000 +0000,de_inferno,152626,64.0,67.371225,2384.0,challengermode.com - Register to join,SourceTV Demo,14129,10603,""
"7b0c9960c780b1d3",crashers-vs-four-magic-m1-nuke,CS2,valve,GOTV,2026-01-16 15:00:17.000 +0000,de_nuke,180714,64.0,67.358838,2823.0,FantasyExpo,SourceTV Demo,14129,10603,""
"45959b056841cf0b",sashi-vs-megoshort-mirage,CS2,valve,GOTV,2026-01-16 13:38:40.000 +0000,de_mirage,179830,64.0,67.364899,2809.0,challengermode.com - Register to join,SourceTV Demo,14129,10603,""
c880448b9d9939bc,fut-academy-vs-chicken-burger-m2-overpass,CS2,valve,GOTV,2026-01-16 13:54:12.000 +0000,de_overpass,197988,64.0,67.094083,3093.0,eBot :: ChickenBurger vs FUT AC,SourceTV Demo,14129,10603,""
"10a3d1f30f1855c9",infinite-vs-state-overpass,CS2,valve,GOTV,2026-01-16 15:43:26.000 +0000,de_overpass,151066,64.0,67.333051,2360.0,challengermode.com - Register to join,SourceTV Demo,14129,10603,""
fd4642781bb75169,fut-academy-vs-chicken-burger-m1-mirage,CS2,valve,GOTV,2026-01-16 13:54:13.000 +0000,de_mirage,142067,64.0,67.266336,2219.0,eBot :: FUT AC vs ChickenBurger,SourceTV Demo,14129,10603,""
e3542081c758cc39,minlate-vs-saw-m2-dust2,CS2,valve,GOTV,2026-01-16 13:57:46.000 +0000,de_dust2,205653,64.0,67.366013,3213.0,eBot :: SAW vs MINLATE,SourceTV Demo,14129,10603,""
"5cb8c0ec2d76bf",minlate-vs-saw-m3-mirage,CS2,valve,GOTV,2026-01-16 13:57:46.000 +0000,de_mirage,108816,64.0,67.328824,1700.0,eBot :: SAW vs MINLATE,SourceTV Demo,14129,10603,""
"668c692473314dc9",minlate-vs-saw-m2-nuke,CS2,valve,GOTV,2026-01-16 13:57:38.000 +0000,de_nuke,125530,64.0,67.380928,1961.0,eBot :: SAW vs MINLATE,SourceTV Demo,14129,10603,""
edbafc84cda128bd,aab-vs-state-inferno,CS2,valve,GOTV,2026-01-16 14:17:18.000 +0000,de_inferno,204467,64.0,67.352536,3194.0,challengermode.com - Register to join,SourceTV Demo,14129,10603,""
"4f3a1b10411d51f4",johnny-speeds-vs-infinite-nuke,CS2,valve,GOTV,2026-01-16 14:25:37.000 +0000,de_nuke,172468,64.0,67.381589,2694.0,challengermode.com - Register to join,SourceTV Demo,14129,10603,""
"3d509c234096d43a",hemmaplan-vs-semperfi-mirage,CS2,valve,GOTV,2026-01-16 14:27:26.000 +0000,de_mirage,98229,64.0,67.391134,1534.0,challengermode.com - Register to join,SourceTV Demo,14129,10603,""
"2dcf733686e46889",sinners-vs-spirit-m1-mirage,CS2,valve,GOTV,2026-01-16 13:53:05.000 +0000,de_mirage,225601,64.0,67.300142,3525.0,BLAST Bounty CS2 Server,SourceTV Demo,14129,10603,""
"3cae720b95a885a8",sinners-vs-spirit-m2-nuke,CS2,valve,GOTV,2026-01-16 14:48:29.000 +0000,de_nuke,188161,64.0,67.352721,2940.0,BLAST Bounty CS2 Server,SourceTV Demo,14129,10603,""
a5f32090846c4a01,sashi-vs-heroic-mirage,CS2,valve,GOTV,2026-01-16 15:07:25.000 +0000,de_mirage,145269,64.0,67.362274,2269.0,challengermode.com - Register to join,SourceTV Demo,14129,10603,""
e2299fe3e7eab280,megoshort-vs-tricked-train,CS2,valve,GOTV,2026-01-16 15:08:02.000 +0000,de_train,176955,64.0,67.33864,2764.0,challengermode.com - Register to join,SourceTV Demo,14129,10603,""
"57a72b6045a04f6f",rebels-vs-saw-m2-dust2,CS2,valve,GOTV,2026-01-16 16:10:36.000 +0000,de_dust2,190238,64.0,67.293742,2972.0,eBot :: SAW vs REBELS GAMING,SourceTV Demo,14129,10603,""
"2ab0bdf48a15b7f8",rebels-vs-saw-m1-nuke,CS2,valve,GOTV,2026-01-16 16:09:22.000 +0000,de_nuke,145196,64.0,67.37522,2268.0,eBot :: SAW vs REBELS GAMING,SourceTV Demo,14129,10603,""
"8b9d8c6cd7136fe",megoshort-vs-hemmaplan-ancient,CS2,valve,GOTV,2026-01-16 16:19:48.000 +0000,de_ancient,117428,64.0,67.324427,1834.0,challengermode.com - Register to join,SourceTV Demo,14129,10603,""
"8ebe7370583beaf7",prestige-vs-aimclub-inferno,CS2,valve,GOTV,2026-01-16 16:21:57.000 +0000,de_inferno,290213,64.0,67.348699,4534.0,challengermode.com - Register to join,SourceTV Demo,14129,10603,""
b4afa53cf1a69b90,heroic-academy-vs-semperfi-overpass,CS2,valve,GOTV,2026-01-16 16:30:11.000 +0000,de_overpass,186871,64.0,67.368619,2919.0,challengermode.com - Register to join,SourceTV Demo,14129,10603,""
c55d1b52275a924,csdiilit-vs-japczany-m2-ancient,CS2,valve,GOTV,2026-01-16 16:28:39.000 +0000,de_ancient,144898,64.0,67.846731,2264.0,eBot :: japczany vs CSDIILIT,SourceTV Demo,14129,10603,""
"7a552a402f3cd259",csdiilit-vs-japczany-m1-mirage,CS2,valve,GOTV,2026-01-16 16:28:38.000 +0000,de_mirage,143744,64.0,67.914515,2246.0,eBot :: CSDIILIT vs japczany,SourceTV Demo,14129,10603,""
d00a2e6a0b521107,los-kogutos-vs-masonic-m1-ancient,CS2,valve,GOTV,2026-01-16 16:16:15.000 +0000,de_ancient,210131,64.0,67.378008,3283.0,FantasyExpo,SourceTV Demo,14129,10603,""
"387230dbe6161224",los-kogutos-vs-masonic-m3-anubis,CS2,valve,GOTV,2026-01-16 16:08:12.000 +0000,de_anubis,130847,64.0,67.387162,2044.484387,FantasyExpo,SourceTV Demo,14129,10603,""
b9b3561d5f423246,los-kogutos-vs-masonic-m2-overpass,CS2,valve,GOTV,2026-01-16 16:31:34.000 +0000,de_overpass,230253,64.0,67.378371,3597.0,FantasyExpo,SourceTV Demo,14129,10603,""
ee5f8be378a7deef,betboom-vs-pain-m1-mirage,CS2,valve,GOTV,2026-01-16 16:40:29.000 +0000,de_mirage,225603,64.0,67.339574,3525.0,BLAST Bounty CS2 Server,SourceTV Demo,14129,10603,""
a07bef37cb31a694,betboom-vs-pain-m2-nuke,CS2,valve,GOTV,2026-01-16 16:50:52.000 +0000,de_nuke,160641,64.0,67.323506,2510.0,BLAST Bounty CS2 Server,SourceTV Demo,14129,10603,""
be18716bf830f080,prestige-vs-aab-inferno,CS2,valve,GOTV,2026-01-16 17:13:08.000 +0000,de_inferno,124787,64.0,67.360185,1949.0,challengermode.com - Register to join,SourceTV Demo,14129,10603,""
"1787ce744c361d96",jonny-speeds-vs-aimclub-mirage,CS2,valve,GOTV,2026-01-16 17:28:01.000 +0000,de_mirage,182390,64.0,67.330642,2849.0,challengermode.com - Register to join,SourceTV Demo,14129,10603,""
b59f58438a50d50a,famalicao-vs-hyperspirit-ancient,CS2,valve,GOTV,2026-01-16 17:40:16.000 +0000,de_ancient,110516,64.0,67.292005,1726.0,eBot :: FC FAMALICÃO vs HyperSpirit,SourceTV Demo,14129,10603,""
e5ace43e2b81803c,big-vs-exsad-ancient,CS2,valve,GOTV,2026-01-16 17:41:56.000 +0000,de_ancient,122647,64.0,67.338205,1916.0,eBot :: BIG vs EXSAD,SourceTV Demo,14129,10603,""
a983677928260a67,heroic-academy-vs-megoshort-ancient,CS2,valve,GOTV,2026-01-16 17:41:45.000 +0000,de_ancient,187829,64.0,67.379346,2934.0,challengermode.com - Register to join,SourceTV Demo,14129,10603,""
"3a8118441a31dfb4",sashi-vs-tricked-nuke,CS2,valve,GOTV,2026-01-16 17:43:26.000 +0000,de_nuke,213746,64.0,67.380653,3339.0,challengermode.com - Register to join,SourceTV Demo,14129,10603,""
fc815fdab850eb8a,players-vs-magicos-m2-dust2,CS2,valve,GOTV,2026-01-16 18:28:36.000 +0000,de_dust2,110235,64.0,67.401858,1722.0,FantasyExpo,SourceTV Demo,14129,10603,""
e7a2e289382096bd,players-vs-magicos-m3-inferno,CS2,valve,GOTV,2026-01-16 18:28:26.000 +0000,de_inferno,133013,64.0,67.372474,2078.0,FantasyExpo,SourceTV Demo,14129,10603,""
"9d312f7c14641658",players-vs-magicos-m1-anubis,CS2,valve,GOTV,2026-01-16 18:28:27.000 +0000,de_anubis,164387,64.0,67.404984,2568.0,FantasyExpo,SourceTV Demo,14129,10603,""
a89c662e78f8fec7,aimclub-vs-aab-inferno,CS2,valve,GOTV,2026-01-16 18:31:37.000 +0000,de_inferno,140789,64.0,67.370168,2199.0,challengermode.com - Register to join,SourceTV Demo,14129,10603,""
"36bf508e95dc5e64",minlate-vs-arcred-m3-inferno,CS2,valve,GOTV,2026-01-16 18:33:17.000 +0000,de_inferno,167341,64.0,67.371844,2614.0,FantasyExpo,SourceTV Demo,14129,10603,""
"1c05d3f571a5ee83",minlate-vs-arcred-m2-ancient,CS2,valve,GOTV,2026-01-16 17:53:45.000 +0000,de_ancient,171731,64.0,67.37719,2683.0,FantasyExpo,SourceTV Demo,14129,10603,""
"9cf2b1cce364afa9",minlate-vs-arcred-m1-mirage,CS2,valve,GOTV,2026-01-16 17:49:42.000 +0000,de_mirage,138286,64.0,67.48287,2160.0,FantasyExpo,SourceTV Demo,14129,10603,""
"5ef7cf95e5d4a0b7",tricked-vs-hemmaplan-mirage,CS2,valve,GOTV,2026-01-16 18:42:51.000 +0000,de_mirage,105908,64.0,67.362757,1654.0,challengermode.com - Register to join,SourceTV Demo,14129,10603,""
ce4178421b6000ff,infinite-vs-prestige-overpass,CS2,valve,GOTV,2026-01-16 18:56:03.000 +0000,de_overpass,296629,64.0,67.366206,4634.0,challengermode.com - Register to join,SourceTV Demo,14129,10603,""
"755f8554d53a9fbb",johnny-speeds-vs-state-overpass,CS2,valve,GOTV,2026-01-16 18:57:32.000 +0000,de_overpass,231356,64.0,67.362756,3614.0,challengermode.com - Register to join,SourceTV Demo,14129,10603,""
"8f8c9d172e900f90","9ine-vs-furia-m2-inferno",CS2,valve,GOTV,2026-01-16 19:02:09.000 +0000,de_inferno,215369,64.0,67.338187,3365.0,BLAST Bounty CS2 Server,SourceTV Demo,14129,10603,""
"5db37f2170255bf8","9ine-vs-furia-m1-anubis",CS2,valve,GOTV,2026-01-16 18:52:53.000 +0000,de_anubis,217601,64.0,67.37,3400.0,BLAST Bounty CS2 Server,SourceTV Demo,14129,10603,""
"8b28d6f61a6f4e65",famalicao-vs-exsad-m2-train,CS2,valve,GOTV,2026-01-16 20:08:45.000 +0000,de_train,171154,64.0,67.323111,2674.0,eBot :: FC FAMALICÃO vs EXSAD,SourceTV Demo,14129,10603,""
e13101daf8f9056b,famalicao-vs-exsad-m1-ancient,CS2,valve,GOTV,2026-01-16 20:09:40.000 +0000,de_ancient,166551,64.0,67.372022,2602.0,eBot :: FC FAMALICÃO vs EXSAD,SourceTV Demo,14129,10603,""
"6eefe38f5c129a16",state-vs-prestige-ancient,CS2,valve,GOTV,2026-01-16 20:10:07.000 +0000,de_ancient,142709,64.0,67.403769,2229.0,challengermode.com - Register to join,SourceTV Demo,14129,10603,""
a7d25e8345edc7df,aimclub-vs-infinite-mirage,CS2,valve,GOTV,2026-01-16 20:11:20.000 +0000,de_mirage,150352,64.0,67.366539,2349.0,challengermode.com - Register to join,SourceTV Demo,14129,10603,""
"6df18263276a9b40",johnny-speeds-vs-aab-overpass,CS2,valve,GOTV,2026-01-16 20:14:48.000 +0000,de_overpass,169909,64.0,67.355313,2654.0,challengermode.com - Register to join,SourceTV Demo,14129,10603,""
"4c63296d87f275d6",fake-do-biru-vs-mibr-m1-inferno,CS2,valve,GOTV,2026-01-16 20:37:18.000 +0000,de_inferno,172361,64.0,67.365763,2693.0,eBot :: Fake do Biru vs MIBR,SourceTV Demo,14129,10603,""
"741062afc2a69cbc",fake-do-biru-vs-mibr-m2-mirage,CS2,valve,GOTV,2026-01-16 20:53:23.000 +0000,de_mirage,128156,64.0,67.392607,2002.0,eBot :: Fake do Biru vs MIBR,SourceTV Demo,14129,10603,""
"4ceefac6670032b6",illwill-vs-petardka-m1-nuke,CS2,valve,GOTV,2026-01-16 20:53:24.000 +0000,de_nuke,123730,64.0,67.371443,1933.0,FantasyExpo,SourceTV Demo,14129,10603,""
"8bc4eee4c905c740",illwill-vs-petardka-m2-mirage,CS2,valve,GOTV,2026-01-16 20:54:33.000 +0000,de_mirage,248977,64.0,67.373522,3890.0,FantasyExpo,SourceTV Demo,14129,10603,""
"6d7e93763553c4ad",bad-luck-vs-oruga-m2-overpass,CS2,valve,GOTV,2026-01-16 22:05:10.000 +0000,de_overpass,166868,64.0,67.377829,2607.0,FantasyExpo,SourceTV Demo,14129,10603,""
"5eb526ce6c2105f1",bad-luck-vs-oruga-m3-nuke,CS2,valve,GOTV,2026-01-16 22:04:56.000 +0000,de_nuke,172905,64.0,67.388375,2701.0,FantasyExpo,SourceTV Demo,14129,10603,""
b61c9a50a50ac1af,bad-luck-vs-oruga-m1-anubis,CS2,valve,GOTV,2026-01-16 21:52:43.000 +0000,de_anubis,159027,64.0,67.38285,2484.0,FantasyExpo,SourceTV Demo,14129,10603,""
"958fa9238efe1849",hyperspirit-vs-big-m3-mirage,CS2,valve,GOTV,2026-01-16 22:19:46.000 +0000,de_mirage,140954,64.0,67.339237,2202.0,eBot :: BIG vs HyperSpirit,SourceTV Demo,14129,10603,""
"126487747bcfd5c",hyperspirit-vs-big-m1-overpass,CS2,valve,GOTV,2026-01-16 22:18:27.000 +0000,de_overpass,316086,64.0,67.366748,4938.0,eBot :: BIG vs HyperSpirit,SourceTV Demo,14129,10603,""
"15d519902ba3589b",hyperspirit-vs-big-m2-dust2,CS2,valve,GOTV,2026-01-16 22:13:48.000 +0000,de_dust2,193794,64.0,67.352378,3028.0,eBot :: BIG vs HyperSpirit,SourceTV Demo,14129,10603,""
"170b0765d43fb325",aimclub-vs-johnny-speeds-m1-mirage,CS2,valve,GOTV,2026-01-16 22:22:52.000 +0000,de_mirage,119988,64.0,67.379936,1874.0,challengermode.com - Register to join,SourceTV Demo,14129,10603,""
"68706dd3b8edc89f",aimclub-vs-johnny-speeds-m2-nuke,CS2,valve,GOTV,2026-01-16 22:21:47.000 +0000,de_nuke,114548,64.0,67.367244,1789.0,challengermode.com - Register to join,SourceTV Demo,14129,10603,""
bc264f76fff3cf86,megoshort-vs-semperfi-m2-inferno,CS2,valve,GOTV,2026-01-16 23:42:00.000 +0000,de_inferno,185919,64.0,67.363636,2904.0,challengermode.com - Register to join,SourceTV Demo,14129,10603,""
af3138c4f9478cad,megoshort-vs-semperfi-m3-mirage,CS2,valve,GOTV,2026-01-16 23:39:46.000 +0000,de_mirage,183360,64.0,67.324956,2865.0,challengermode.com - Register to join,SourceTV Demo,14129,10603,""
"508a34a389bb6d9b",megoshort-vs-semperfi-m1-ancient,CS2,valve,GOTV,2026-01-16 23:42:49.000 +0000,de_ancient,141760,64.0,67.370655,2215.0,challengermode.com - Register to join,SourceTV Demo,14129,10603,""
ccaad0683502a557,mibr-vs-starlinks-inferno,CS2,valve,GOTV,2026-01-17 00:04:36.000 +0000,de_inferno,126420,64.0,67.375696,1975.0,FACEIT.com register to play here,SourceTV Demo,14129,10603,""
b833a145b9354816,bounty-hunters-vs-folha-amarela-mirage,CS2,valve,GOTV,2026-01-17 00:04:17.000 +0000,de_mirage,152530,64.0,68.100294,2383.0,FACEIT.com register to play here,SourceTV Demo,14129,10603,""
"4f113284d3a60660",famalicao-vs-hyperspirit-m1-train,CS2,valve,GOTV,2026-01-17 00:04:03.000 +0000,de_train,166346,64.0,67.351674,2599.0,eBot :: FC FAMALICÃO vs HyperSpirit,SourceTV Demo,14129,10603,""
b2e61c050ce18062,famalicao-vs-hyperspirit-m2-ancient,CS2,valve,GOTV,2026-01-17 00:05:49.000 +0000,de_ancient,139409,64.0,67.278696,2178.0,eBot :: FC FAMALICÃO vs HyperSpirit,SourceTV Demo,14129,10603,""
d17b8c7eeb394f7e,gaimin-gladiators-vs-imperial-m2-nuke,CS2,valve,GOTV,2026-01-17 00:13:10.000 +0000,de_nuke,140725,64.0,67.402184,2198.0,eBot :: Gaimin Gladiators vs Gamdom Imperial,SourceTV Demo,14129,10603,""
"6d4048adecfe5ab1",gaimin-gladiators-vs-imperial-m1-inferno,CS2,valve,GOTV,2026-01-17 00:13:20.000 +0000,de_inferno,212361,64.0,67.394515,3318.0,eBot :: Gaimin Gladiators vs Gamdom Imperial,SourceTV Demo,14129,10603,""
"88d974c6d6b8fac3",vasco-vs-prison-breakers-m3-mirage,CS2,valve,GOTV,2026-01-17 01:34:10.000 +0000,de_mirage,130493,64.0,67.416094,2038.0,FantasyExpo,SourceTV Demo,14129,10603,""
"2349ddf563beffcc",vasco-vs-prison-breakers-m1-dust2,CS2,valve,GOTV,2026-01-17 01:34:30.000 +0000,de_dust2,208843,64.0,67.370518,3263.0,FantasyExpo,SourceTV Demo,14129,10603,""
"69cae9aa07ad85b0",vasco-vs-prison-breakers-m2-inferno,CS2,valve,GOTV,2026-01-17 01:34:29.000 +0000,de_inferno,201243,64.0,67.360051,3144.0,FantasyExpo,SourceTV Demo,14129,10603,""
b74cf1a70c12878a,sharks-vs-legacy-m1-nuke,CS2,valve,GOTV,2026-01-17 03:37:29.000 +0000,de_nuke,151398,64.0,67.392389,2365.0,eBot :: Sharks vs Legacy,SourceTV Demo,14129,10603,""
e83d3bbfedc9df7a,sharks-vs-legacy-m3-mirage,CS2,valve,GOTV,2026-01-17 03:37:17.000 +0000,de_mirage,127369,64.0,67.383417,1990.0,eBot :: Sharks vs Legacy,SourceTV Demo,14129,10603,""
"5c149df14353820b",sharks-vs-legacy-m2-inferno,CS2,valve,GOTV,2026-01-17 03:37:28.000 +0000,de_inferno,155414,64.0,67.373147,2428.0,eBot :: Sharks vs Legacy,SourceTV Demo,14129,10603,""
"363044199d8a3bcd",change-the-game-vs-chinggis-warriors-m2-mirage,CS2,valve,GOTV,2026-01-17 14:18:38.000 +0000,de_mirage,116473,64.0,67.398571,1819.0,完美世界竞技平台赛事服务器,SourceTV Demo,14129,10603,""
"30bc27daf13b2993",change-the-game-vs-chinggis-warriors-m1-ancient,CS2,valve,GOTV,2026-01-17 13:38:38.000 +0000,de_ancient,159862,64.0,67.386864,2497.0,完美世界竞技平台赛事服务器,SourceTV Demo,14129,10603,""
"5661c2da5c759ce5",tricked-vs-aab-m1-mirage,CS2,valve,GOTV,2026-01-17 10:45:59.000 +0000,de_mirage,159666,64.0,67.378508,2494.0,challengermode.com - Register to join,SourceTV Demo,14129,10603,""
"703e116a4b633ac1",tricked-vs-aab-m2-ancient,CS2,valve,GOTV,2026-01-17 10:46:40.000 +0000,de_ancient,124146,64.0,67.322847,1939.0,challengermode.com - Register to join,SourceTV Demo,14129,10603,""
e64b250d5f25d9ed,eternal-fire-vs-arcred-m1-dust2,CS2,valve,GOTV,2026-01-17 11:21:12.000 +0000,de_dust2,297706,64.0,67.324446,4651.0,FantasyExpo,SourceTV Demo,14129,10603,""
"28a0374c055ef765",eternal-fire-vs-arcred-m2-mirage,CS2,valve,GOTV,2026-01-17 11:20:35.000 +0000,de_mirage,158167,64.0,67.378389,2471.0,FantasyExpo,SourceTV Demo,14129,10603,""
"3edb2a00618fb7f2",state-vs-heroic-academy-m1-ancient,CS2,valve,GOTV,2026-01-17 11:16:41.000 +0000,de_ancient,181749,64.0,67.176823,2839.0,challengermode.com - Register to join,SourceTV Demo,14129,10603,""
a1de9787d1adc24,state-vs-heroic-academy-m2-inferno,CS2,valve,GOTV,2026-01-17 11:16:52.000 +0000,de_inferno,189419,64.0,67.364312,2959.0,challengermode.com - Register to join,SourceTV Demo,14129,10603,""
"140a5692e02b6d2d",metizport-vs-bebop-m3-nuke,CS2,valve,GOTV,2026-01-17 12:06:33.000 +0000,de_nuke,152132,64.0,67.841817,2377.0,eBot :: Metizsport vs Bebop,SourceTV Demo,14129,10603,""
ede1b15d4aacbfeb,metizport-vs-bebop-m1-dust2,CS2,valve,GOTV,2026-01-17 12:06:41.000 +0000,de_dust2,145963,64.0,67.932456,2280.0,eBot :: Bebop vs Metizsport,SourceTV Demo,14129,10603,""
"554ec4ef442f415e",metizport-vs-bebop-m2-mirage,CS2,valve,GOTV,2026-01-17 12:06:40.000 +0000,de_mirage,175957,64.0,67.97199,2749.0,eBot :: Metizsport vs Bebop,SourceTV Demo,14129,10603,""
"115deb593c2d248e",big-academy-vs-truck-drivers-m2-ancient,CS2,valve,GOTV,2026-01-17 12:11:44.000 +0000,de_ancient,141385,64.0,67.906292,2209.0,eBot :: Truck Drivers vs BIG AC,SourceTV Demo,14129,10603,""
"32379617abb31e8",big-academy-vs-truck-drivers-m3-mirage,CS2,valve,GOTV,2026-01-17 12:12:20.000 +0000,de_mirage,159680,64.0,67.869739,2495.0,eBot :: Truck Drivers vs BIG AC,SourceTV Demo,14129,10603,""
"6f7c12bb089730f",big-academy-vs-truck-drivers-m1-dust2,CS2,valve,GOTV,2026-01-17 12:12:29.000 +0000,de_dust2,242674,64.0,68.004484,3791.0,eBot :: BIG AC vs Truck Drivers,SourceTV Demo,14129,10603,""
"9e447475d6583bc",prestige-vs-megoshort-m2-ancient,CS2,valve,GOTV,2026-01-17 12:28:00.000 +0000,de_ancient,169586,64.0,67.359003,2649.0,challengermode.com - Register to join,SourceTV Demo,14129,10603,""
"693fd86c1955754e",prestige-vs-megoshort-m1-inferno,CS2,valve,GOTV,2026-01-17 12:31:15.000 +0000,de_inferno,226866,64.0,67.343397,3544.0,challengermode.com - Register to join,SourceTV Demo,14129,10603,""
"3a526c675e3b6b13",mouz-nxt-vs-famalicao-m2-mirage,CS2,valve,GOTV,2026-01-17 12:46:52.000 +0000,de_mirage,170552,64.0,67.316817,2664.0,eBot :: MOUZ NXT vs FC FAMALICÃO,SourceTV Demo,14129,10603,""
d002075c02d4a7e1,mouz-nxt-vs-famalicao-m1-train,CS2,valve,GOTV,2026-01-17 12:46:46.000 +0000,de_train,108339,64.0,67.363475,1692.0,eBot :: MOUZ NXT vs FC FAMALICÃO,SourceTV Demo,14129,10603,""
"7d8dd11b1c0c3898",pain-vs-heroic-m2-mirage,CS2,valve,GOTV,2026-01-17 13:05:44.000 +0000,de_mirage,255038,64.0,67.336094,3984.0,BLAST Bounty CS2 Server,SourceTV Demo,14129,10603,""
e2e1f4eaf176d94f,pain-vs-heroic-m1-nuke,CS2,valve,GOTV,2026-01-17 13:05:29.000 +0000,de_nuke,189124,64.0,67.34247,2955.0,BLAST Bounty CS2 Server,SourceTV Demo,14129,10603,""
"585ac15106cf7435",sashi-vs-johnny-speeds-m1-overpass,CS2,valve,GOTV,2026-01-17 13:01:42.000 +0000,de_overpass,183041,64.0,67.356294,2860.0,challengermode.com - Register to join,SourceTV Demo,14129,10603,""
"30e4688a7c450b3c",sashi-vs-johnny-speeds-m2-inferno,CS2,valve,GOTV,2026-01-17 13:02:49.000 +0000,de_inferno,161600,64.0,67.351287,2525.0,challengermode.com - Register to join,SourceTV Demo,14129,10603,""
"13d728b6b0876092",morningstar-vs-egg-m1-mirage,CS2,valve,GOTV,2026-01-17 16:45:56.000 +0000,de_mirage,167079,64.0,67.372797,2610.0,完美世界竞技平台赛事服务器,SourceTV Demo,14129,10603,""
"6b0b30d74fce30dc",morningstar-vs-egg-m2-ancient,CS2,valve,GOTV,2026-01-17 17:56:52.000 +0000,de_ancient,229187,64.0,67.360235,3581.0,完美世界竞技平台赛事服务器,SourceTV Demo,14129,10603,""
a9234141511a1532,morningstar-vs-egg-m3-dust2,CS2,valve,GOTV,2026-01-17 18:46:54.000 +0000,de_dust2,145013,64.0,67.393377,2265.0,完美世界竞技平台赛事服务器,SourceTV Demo,14129,10603,""
"7d91f03e93747585",ursa-vs-illwill-m1-nuke,CS2,valve,GOTV,2026-01-17 13:51:27.000 +0000,de_nuke,116999,64.0,67.383479,1828.0,FantasyExpo,SourceTV Demo,14129,10603,""
"8d39e4c8efcaae52",ursa-vs-illwill-m2-inferno,CS2,valve,GOTV,2026-01-17 13:56:22.000 +0000,de_inferno,149832,64.0,67.344724,2341.0,FantasyExpo,SourceTV Demo,14129,10603,""
c683af478c06491,ex-ruby-vs-allinners-m1-dust2,CS2,valve,GOTV,2026-01-17 13:50:05.000 +0000,de_dust2,163485,64.0,67.925607,2554.0,eBot :: Allinners vs Ex-Ruby,SourceTV Demo,14129,10603,""
"17f903159982eda1",ex-ruby-vs-allinners-m2-ancient,CS2,valve,GOTV,2026-01-17 13:49:49.000 +0000,de_ancient,138407,64.0,67.533765,2162.0,eBot :: Ex-Ruby vs Allinners,SourceTV Demo,14129,10603,""
f56f6d6959f09572,tricked-vs-megoshort-m2-overpass,CS2,valve,GOTV,2026-01-17 14:56:44.000 +0000,de_overpass,208307,64.0,67.330055,3254.0,challengermode.com - Register to join,SourceTV Demo,14129,10603,""
b7cfe32011fa0354,tricked-vs-megoshort-m1-ancient,CS2,valve,GOTV,2026-01-17 14:53:29.000 +0000,de_ancient,210240,64.0,67.336682,3285.0,challengermode.com - Register to join,SourceTV Demo,14129,10603,""
"9b9be817a88c1584",washington-vs-phantom-m2-nuke,CS2,valve,GOTV,2026-01-17 14:46:09.000 +0000,de_nuke,167547,64.0,67.728697,2617.0,cb99cce8593171380bb27ce8562b54a9,SourceTV Demo,14129,10603,""
"5d10f4fbd00192bb",washington-vs-phantom-m1-overpass,CS2,valve,GOTV,2026-01-17 15:06:35.000 +0000,de_overpass,188311,64.0,67.695105,2942.0,"631a85083757774504bd100007e1ba36",SourceTV Demo,14129,10603,""
"5ef2d1b23ef60496",washington-vs-phantom-m3-dust2,CS2,valve,GOTV,2026-01-17 14:44:21.000 +0000,de_dust2,166527,64.0,67.539408,2601.0,aedc93ecc778ea69fcdc79f734fd0813,SourceTV Demo,14129,10603,""
"2b692f403d8a2537",gentle-mates-vs-liquid-m1-inferno,CS2,valve,GOTV,2026-01-17 15:55:43.000 +0000,de_inferno,210882,64.0,67.33566,3295.0,BLAST Bounty CS2 Server,SourceTV Demo,14129,10603,""
"7f742621512ab5d3",gentle-mates-vs-liquid-m2-mirage,CS2,valve,GOTV,2026-01-17 15:55:49.000 +0000,de_mirage,189441,64.0,67.319257,2960.0,BLAST Bounty CS2 Server,SourceTV Demo,14129,10603,""
f68d4aa10d3c15fc,gentle-mates-vs-liquid-m3-nuke,CS2,valve,GOTV,2026-01-17 16:02:10.000 +0000,de_nuke,164809,64.0,67.346796,2575.0,BLAST Bounty CS2 Server,SourceTV Demo,14129,10603,""
"698ae7f08e02241e",elites-vs-herewegoagain-m1-mirage,CS2,valve,GOTV,2026-01-17 16:04:34.000 +0000,de_mirage,88252,64.0,67.436139,1378.0,FantasyExpo,SourceTV Demo,14129,10603,""
"9b8261c9e55ad80f",elites-vs-herewegoagain-m2-dust2,CS2,valve,GOTV,2026-01-17 16:04:32.000 +0000,de_dust2,93594,64.0,67.408345,1462.0,FantasyExpo,SourceTV Demo,14129,10603,""
fad922bd36c191fc,state-vs-johnny-speeds-m3-overpass,CS2,valve,GOTV,2026-01-17 16:40:53.000 +0000,de_overpass,186132,64.0,67.33597,2908.0,challengermode.com - Register to join,SourceTV Demo,14129,10603,""
"8cf67a76a7e8baf5",state-vs-johnny-speeds-m2-mirage,CS2,valve,GOTV,2026-01-17 16:39:20.000 +0000,de_mirage,194071,64.0,67.361807,3032.0,challengermode.com - Register to join,SourceTV Demo,14129,10603,""
"31d6d8bb325cf9f8",state-vs-johnny-speeds-m1-train,CS2,valve,GOTV,2026-01-17 16:37:04.000 +0000,de_train,246066,64.0,67.376691,3844.0,challengermode.com - Register to join,SourceTV Demo,14129,10603,""
"5b499e0f4fbdc664",betclic-vs-minlate-m3-dust2,CS2,valve,GOTV,2026-01-17 16:39:48.000 +0000,de_dust2,164606,64.0,67.325943,2571.0,eBot :: MINLATE vs Betclic Apogee,SourceTV Demo,14129,10603,""
"35943b9b1fa54851",betclic-vs-minlate-m1-ancient,CS2,valve,GOTV,2026-01-17 16:39:41.000 +0000,de_ancient,123082,64.0,67.344774,1923.0,eBot :: MINLATE vs Betclic Apogee,SourceTV Demo,14129,10603,""
"4c0fb74ff1d37488",betclic-vs-minlate-m2-nuke,CS2,valve,GOTV,2026-01-17 16:39:45.000 +0000,de_nuke,170187,64.0,67.336593,2659.0,eBot :: MINLATE vs Betclic Apogee,SourceTV Demo,14129,10603,""
c0165a1c61954a4d,the-huns-vs-xdm-m3-dust2,CS2,valve,GOTV,2026-01-18 00:24:06.000 +0000,de_dust2,234041,64.0,67.374453,3656.0,完美世界竞技平台赛事服务器,SourceTV Demo,14129,10603,""
c4f4da42623b2204,the-huns-vs-xdm-m1-mirage,CS2,valve,GOTV,2026-01-17 22:01:32.000 +0000,de_mirage,171388,64.0,67.378782,2677.0,完美世界竞技平台赛事服务器,SourceTV Demo,14129,10603,""
efdf4f2365128a77,the-huns-vs-xdm-m2-ancient,CS2,valve,GOTV,2026-01-17 23:06:38.000 +0000,de_ancient,185710,64.0,67.375043,2901.0,完美世界竞技平台赛事服务器,SourceTV Demo,14129,10603,""
b8d45e4d313edb06,bulgariapeek-vs-sangal-ancient,CS2,valve,GOTV,2026-01-17 17:56:29.000 +0000,de_ancient,170304,64.0,67.902671,2660.999889,FACEIT.com register to play here,SourceTV Demo,14129,10603,""
"8b5a1e7040012f52",big-academy-vs-lfo-6-mirage,CS2,valve,GOTV,2026-01-17 17:59:58.000 +0000,de_mirage,108374,64.0,68.010406,1693.34381,FACEIT.com register to play here,SourceTV Demo,14129,10603,""
"97533032f79a57fa",qwentry-vs-genone-dust2,CS2,valve,GOTV,2026-01-17 18:08:13.000 +0000,de_dust2,213502,64.0,67.749925,3335.0,FACEIT.com register to play here,SourceTV Demo,14129,10603,""
"8194164e37a349ae",kolesie-vs-metizport-nuke,CS2,valve,GOTV,2026-01-17 18:15:59.000 +0000,de_nuke,243319,64.0,68.062089,3801.0,FACEIT.com register to play here,SourceTV Demo,14129,10603,""
f273210b73cb7256,ence-vs-elitenergy-nuke,CS2,valve,GOTV,2026-01-17 18:14:31.000 +0000,de_nuke,195194,64.0,68.102329,3049.0,FACEIT.com register to play here,SourceTV Demo,14129,10603,""
"13e5f07b85555ae5",virtus-pro-vs-nuclear-tigeres-inferno,CS2,valve,GOTV,2026-01-17 18:17:40.000 +0000,de_inferno,197154,64.0,68.211612,3080.531214,FACEIT.com register to play here,SourceTV Demo,14129,10603,""
ad357f012bd8bbdf,forze-reload-vs-los-kogutos-m3-nuke,CS2,valve,GOTV,2026-01-17 18:23:58.000 +0000,de_nuke,236576,64.0,67.303842,3696.0,FantasyExpo,SourceTV Demo,14129,10603,""
c7b076d797b3dbe6,forze-reload-vs-los-kogutos-m2-anubis,CS2,valve,GOTV,2026-01-17 18:24:01.000 +0000,de_anubis,253188,64.0,67.36906,3956.0,FantasyExpo,SourceTV Demo,14129,10603,""
acba6c83282fbc01,forze-reload-vs-los-kogutos-m1-mirage,CS2,valve,GOTV,2026-01-17 18:23:31.000 +0000,de_mirage,123987,64.0,67.388229,1937.0,FantasyExpo,SourceTV Demo,14129,10603,""
eb5a051f41238642,nemesis-vs-1win-inferno,CS2,valve,GOTV,2026-01-17 18:22:24.000 +0000,de_inferno,215885,64.0,68.197789,3373.203194,FACEIT.com register to play here,SourceTV Demo,14129,10603,""
"8c6cdb2c2b4b5282",lospegadinhas-vs-internet-kings-m1-mirage,CS2,valve,GOTV,2026-01-17 18:33:06.000 +0000,de_mirage,179078,64.0,67.372766,2798.0,FantasyExpo,SourceTV Demo,14129,10603,""
"5b1fae1843426fce",lospegadinhas-vs-internet-kings-m2-ancient,CS2,valve,GOTV,2026-01-17 18:32:49.000 +0000,de_ancient,147634,64.0,67.399393,2306.0,FantasyExpo,SourceTV Demo,14129,10603,""
"298a9abbb10da3da",lospegadinhas-vs-internet-kings-m3-nuke,CS2,valve,GOTV,2026-01-17 18:32:52.000 +0000,de_nuke,102710,64.0,67.42207,1604.0,FantasyExpo,SourceTV Demo,14129,10603,""
a9cecce61970ac6f,ursa-vs-leo-nuke,CS2,valve,GOTV,2026-01-17 18:42:48.000 +0000,de_nuke,187172,64.0,68.243025,2924.562612,FACEIT.com register to play here,SourceTV Demo,14129,10603,""
b44ef1aa8056e245,mana-vs-big-m2-dust2,CS2,valve,GOTV,2026-01-17 18:46:21.000 +0000,de_dust2,175238,64.0,67.331148,2738.093818,eBot :: BIG vs MANA,SourceTV Demo,14129,10603,""
"711bcb01189ff22f",mana-vs-big-m1-ancient,CS2,valve,GOTV,2026-01-17 18:46:19.000 +0000,de_ancient,169564,64.0,67.355228,2649.0,eBot :: BIG vs MANA,SourceTV Demo,14129,10603,""
"9ff3df6794bf9a01",gamerlegion-vs-aurora-m3-mirage,CS2,valve,GOTV,2026-01-17 19:36:16.000 +0000,de_mirage,190718,64.0,67.287009,2979.0,BLAST Bounty CS2 Server,SourceTV Demo,14129,10603,""
"1d2f17af80a4b42d",gamerlegion-vs-aurora-m2-dust2,CS2,valve,GOTV,2026-01-17 19:30:33.000 +0000,de_dust2,219582,64.0,67.339359,3430.0,BLAST Bounty CS2 Server,SourceTV Demo,14129,10603,""
a5cfc99d457e271,gamerlegion-vs-aurora-m1-inferno,CS2,valve,GOTV,2026-01-17 19:30:23.000 +0000,de_inferno,304962,64.0,67.324659,4765.0,BLAST Bounty CS2 Server,SourceTV Demo,14129,10603,""
"52104352bb98d527",big-academy-vs-genone-m1-ancient,CS2,valve,GOTV,2026-01-17 19:55:00.000 +0000,de_ancient,146226,64.0,68.298878,2284.781306,FACEIT.com register to play here,SourceTV Demo,14129,10603,""
bf84777dac6ba833,big-academy-vs-genone-m2-dust2,CS2,valve,GOTV,2026-01-17 19:58:57.000 +0000,de_dust2,151436,64.0,68.296785,2366.187504,FACEIT.com register to play here,SourceTV Demo,14129,10603,""
"26b13a9c6ac37a35",basement-boys-vs-rebels-m1-nuke,CS2,valve,GOTV,2026-01-17 20:16:58.000 +0000,de_nuke,255944,64.0,67.351088,3999.0,eBot :: Basement Boys vs REBELS GAMING,SourceTV Demo,14129,10603,""
"50a409cd3e4048ee",basement-boys-vs-rebels-m2-train,CS2,valve,GOTV,2026-01-17 20:16:54.000 +0000,de_train,199176,64.0,67.318445,3112.0,eBot :: Basement Boys vs REBELS GAMING,SourceTV Demo,14129,10603,""
ada217437d56b8a2,unity-vs-bebop-m1-dust2,CS2,valve,GOTV,2026-01-17 20:21:04.000 +0000,de_dust2,120128,64.0,67.470964,1877.0,FantasyExpo,SourceTV Demo,14129,10603,""
cd9797b5df00787c,unity-vs-bebop-m2-ancient,CS2,valve,GOTV,2026-01-17 20:21:12.000 +0000,de_ancient,203823,64.0,67.335741,3184.0,FantasyExpo,SourceTV Demo,14129,10603,""
f32f48049ea13968,nuclear-tigeres-vs-ence-m1-ancient,CS2,valve,GOTV,2026-01-17 20:28:56.000 +0000,de_ancient,170876,64.0,68.083552,2669.0,FACEIT.com register to play here,SourceTV Demo,14129,10603,""
"3a4c3f4cdd7388ce",nuclear-tigeres-vs-ence-m3-dust2,CS2,valve,GOTV,2026-01-17 20:29:07.000 +0000,de_dust2,141101,64.0,68.112069,2204.0,FACEIT.com register to play here,SourceTV Demo,14129,10603,""
"447c6ebd65d6fd79",nuclear-tigeres-vs-ence-m2-anubis,CS2,valve,GOTV,2026-01-17 20:29:06.000 +0000,de_anubis,142794,64.0,68.108023,2231.0,FACEIT.com register to play here,SourceTV Demo,14129,10603,""
"143534acb45ed245",sangal-vs-kolesie-m1-nuke,CS2,valve,GOTV,2026-01-17 20:31:51.000 +0000,de_nuke,158641,64.0,68.277536,2478.765507,FACEIT.com register to play here,SourceTV Demo,14129,10603,""
a88599dd16e02133,sangal-vs-kolesie-m2-mirage,CS2,valve,GOTV,2026-01-17 20:32:42.000 +0000,de_mirage,166210,64.0,68.277962,2597.031248,FACEIT.com register to play here,SourceTV Demo,14129,10603,""
"7b8f423709bdb2a6",megoshort-vs-state-m1-mirage,CS2,valve,GOTV,2026-01-17 20:18:02.000 +0000,de_mirage,108161,64.0,67.35858,1690.0,challengermode.com - Register to join,SourceTV Demo,14129,10603,""
daf3cadd0361be34,megoshort-vs-state-m2-train,CS2,valve,GOTV,2026-01-17 20:33:36.000 +0000,de_train,259926,64.0,67.361734,4061.0,challengermode.com - Register to join,SourceTV Demo,14129,10603,""
d5d56fbf8156af98,megoshort-vs-state-m3-inferno,CS2,valve,GOTV,2026-01-17 20:34:40.000 +0000,de_inferno,197122,64.0,67.332143,3080.0,challengermode.com - Register to join,SourceTV Demo,14129,10603,""
f930cbc2345c0f13,prison-breakers-vs-pain-academy-m1-dust2,CS2,valve,GOTV,2026-01-17 20:51:20.000 +0000,de_dust2,180743,64.0,67.374292,2824.0,FantasyExpo,SourceTV Demo,14129,10603,""
"7add16800eed57cf",prison-breakers-vs-pain-academy-m2-overpass,CS2,valve,GOTV,2026-01-17 20:51:10.000 +0000,de_overpass,138818,64.0,67.374827,2169.0,FantasyExpo,SourceTV Demo,14129,10603,""
"3e85bd95d3274620",mibr-vs-imperial-m1-inferno,CS2,valve,GOTV,2026-01-17 21:07:06.000 +0000,de_inferno,190619,64.0,67.421424,2978.0,eBot :: MIBR vs Gamdom Imperial,SourceTV Demo,14129,10603,""
afc98ee350d6d138,mibr-vs-imperial-m2-nuke,CS2,valve,GOTV,2026-01-17 21:08:18.000 +0000,de_nuke,195422,64.0,67.377989,3053.0,eBot :: MIBR vs Gamdom Imperial,SourceTV Demo,14129,10603,""
c213688551f2be48,monte-vs-falcons-m2-mirage,CS2,valve,GOTV,2026-01-17 21:38:15.000 +0000,de_mirage,192004,64.0,67.3,3000.0,BLAST Bounty CS2 Server,SourceTV Demo,14129,10603,""
efd578ffadcb2e1a,monte-vs-falcons-m1-nuke,CS2,valve,GOTV,2026-01-17 21:21:58.000 +0000,de_nuke,218880,64.0,67.347368,3420.0,BLAST Bounty CS2 Server,SourceTV Demo,14129,10603,""
cacc8f06374f42f2,"9z-vs-alzon-dust2",CS2,valve,GOTV,2026-01-17 21:51:08.000 +0000,de_dust2,123336,64.0,67.983135,1927.125008,FACEIT.com register to play here,SourceTV Demo,14129,10603,""
d6906a29083bb4b1,nemesis-vs-ursa-m2-dust2,CS2,valve,GOTV,2026-01-17 21:52:25.000 +0000,de_dust2,167592,64.0,68.272469,2618.625098,FACEIT.com register to play here,SourceTV Demo,14129,10603,""
"8ec72538e5116546",nemesis-vs-ursa-m1-inferno,CS2,valve,GOTV,2026-01-17 21:52:10.000 +0000,de_inferno,193540,64.0,68.206593,3024.062513,FACEIT.com register to play here,SourceTV Demo,14129,10603,""
"4939860d31f7f1d",nemesis-vs-ursa-m3-nuke,CS2,valve,GOTV,2026-01-17 21:52:22.000 +0000,de_nuke,225150,64.0,68.196739,3517.96881,FACEIT.com register to play here,SourceTV Demo,14129,10603,""
a4a0808a07a6cad8,shinden-vs-fake-do-biru-mirage,CS2,valve,GOTV,2026-01-17 22:03:13.000 +0000,de_mirage,184524,64.0,67.735692,2883.0,FACEIT.com register to play here,SourceTV Demo,14129,10603,""
"86a83a8d5955abb8",keyd-stars-vs-gamehunter-mirage,CS2,valve,GOTV,2026-01-17 22:02:47.000 +0000,de_mirage,176925,64.0,67.726483,2764.0,FACEIT.com register to play here,SourceTV Demo,14129,10603,""
"90c3cf594f42489b",oddik-vs-descalco-na-neve-dust2,CS2,valve,GOTV,2026-01-17 22:10:26.000 +0000,de_dust2,92666,64.0,67.803041,1447.0,FACEIT.com register to play here,SourceTV Demo,14129,10603,""
"67cf0c69da510ff",galorys-vs-procyon-overpass,CS2,valve,GOTV,2026-01-17 22:19:33.000 +0000,de_overpass,226051,64.0,67.721687,3532.0,FACEIT.com register to play here,SourceTV Demo,14129,10603,""
"6c843bb3d7193e3c",mibr-vs-shinden-m2-inferno,CS2,valve,GOTV,2026-01-17 23:57:38.000 +0000,de_inferno,199778,64.0,67.730855,3121.0,FACEIT.com register to play here,SourceTV Demo,14129,10603,""
"84946250d1f4aafd",mibr-vs-shinden-m1-nuke,CS2,valve,GOTV,2026-01-17 23:57:16.000 +0000,de_nuke,143866,64.0,67.76591,2247.0,FACEIT.com register to play here,SourceTV Demo,14129,10603,""
"4cf0f3e9bd06aa50",gamehunters-vs-oddik-m2-anubis,CS2,valve,GOTV,2026-01-18 00:33:16.000 +0000,de_anubis,195052,64.0,68.09616,3047.0,FACEIT.com register to play here,SourceTV Demo,14129,10603,""
b88d5d10f2013266,gamehunters-vs-oddik-m1-nuke,CS2,valve,GOTV,2026-01-18 00:32:53.000 +0000,de_nuke,258460,64.0,68.087172,4038.0,FACEIT.com register to play here,SourceTV Demo,14129,10603,""
"631872f398737859","9z-vs-galorys-m1-ancient",CS2,valve,GOTV,2026-01-18 00:38:57.000 +0000,de_ancient,315922,64.0,67.679087,4936.281096,FACEIT.com register to play here,SourceTV Demo,14129,10603,""
"6edb9243025aa23a","9z-vs-galorys-m2-dust2",CS2,valve,GOTV,2026-01-18 00:39:12.000 +0000,de_dust2,111002,64.0,68.009439,1734.406308,FACEIT.com register to play here,SourceTV Demo,14129,10603,""
a5c320ca83b08d5,crashers-vs-magicos-m1-anubis,CS2,valve,GOTV,2026-01-18 00:49:30.000 +0000,de_anubis,179711,64.0,67.394727,2807.0,FantasyExpo,SourceTV Demo,14129,10603,""
fee7f538eadc8986,crashers-vs-magicos-m2-inferno,CS2,valve,GOTV,2026-01-18 00:49:32.000 +0000,de_inferno,175906,64.0,67.375182,2748.0,FantasyExpo,SourceTV Demo,14129,10603,""
"5cd3dc87042dc5fa",tricked-vs-johnny-speeds-m2-overpass,CS2,valve,GOTV,2026-01-18 01:00:03.000 +0000,de_inferno,219523,64.0,67.345773,3430.0,challengermode.com - Register to join,SourceTV Demo,14129,10603,""
"4e26230aa2be6919",legacy-vs-mibr-m2-inferno,CS2,valve,GOTV,2026-01-18 04:31:45.000 +0000,de_inferno,170182,64.0,67.359158,2659.0,eBot :: MIBR vs Legacy,SourceTV Demo,14129,10603,""
af3251a6ae94e0c,legacy-vs-mibr-m1-ancient,CS2,valve,GOTV,2026-01-18 04:31:53.000 +0000,de_ancient,327386,64.0,67.377517,5115.0,eBot :: MIBR vs Legacy,SourceTV Demo,14129,10603,""
e35174bc8b5c3b9,legacy-vs-mibr-m3-nuke,CS2,valve,GOTV,2026-01-18 04:31:49.000 +0000,de_nuke,173199,64.0,67.379157,2706.0,eBot :: MIBR vs Legacy,SourceTV Demo,14129,10603,""
d77c622e68fdc2ca,forze-reload-vs-masonic-m1-train,CS2,valve,GOTV,2026-01-18 11:20:58.000 +0000,de_train,232352,64.0,67.976033,3630.0,eBot :: FORZE Reload vs MASONIC,SourceTV Demo,14129,10603,""
af5c94a9b9b4b6ef,forze-reload-vs-masonic-m2-mirage,CS2,valve,GOTV,2026-01-18 11:18:43.000 +0000,de_mirage,131122,64.0,67.792969,2048.0,eBot :: MASONIC vs FORZE Reload,SourceTV Demo,14129,10603,""
d56cfd1ffa790539,"1win-vs-ex-ruby-m1-dust2",CS2,valve,GOTV,2026-01-18 11:03:04.000 +0000,de_dust2,177538,64.0,67.372386,2774.0,FantasyExpo,SourceTV Demo,14129,10603,""
adc3c3f727baba0d,"1win-vs-ex-ruby-m2-ancient",CS2,valve,GOTV,2026-01-18 11:26:07.000 +0000,de_ancient,217723,64.0,67.385181,3401.0,FantasyExpo,SourceTV Demo,14129,10603,""
"25c412f5d33e483",jijiehao-vs-just-swing-m1-inferno,CS2,valve,GOTV,2026-01-18 13:57:30.000 +0000,de_inferno,208531,64.0,67.296808,3258.0,完美世界竞技平台赛事服务器,SourceTV Demo,14129,10603,""
"755ebe8645dc1b2d",jijiehao-vs-just-swing-m2-dust2,CS2,valve,GOTV,2026-01-18 14:49:38.000 +0000,de_dust2,140728,64.0,67.39354,2198.0,完美世界竞技平台赛事服务器,SourceTV Demo,14129,10603,""
bb33593cba9764fb,jijiehao-vs-just-swing-m3-ancient,CS2,valve,GOTV,2026-01-18 15:42:42.000 +0000,de_ancient,112690,64.0,67.398864,1760.0,完美世界竞技平台赛事服务器,SourceTV Demo,14129,10603,""
"6394adb370a024c4",midnight-vs-prestige-m1-mirage,CS2,valve,GOTV,2026-01-18 11:51:01.000 +0000,de_mirage,137104,64.0,67.901961,2142.0,eBot :: Prestige vs Midnight Esports,SourceTV Demo,14129,10603,""
"1fe4a7ae89f9e505",midnight-vs-prestige-m2-nuke,CS2,valve,GOTV,2026-01-18 11:50:55.000 +0000,de_nuke,127264,64.0,67.431087,1988.0,eBot :: Midnight Esports vs Prestige,SourceTV Demo,14129,10603,""
b3764366fb185cc0,hindsight-vs-pigeons-m2-mirage,CS2,valve,GOTV,2026-01-18 11:55:04.000 +0000,de_mirage,107479,64.0,67.730197,1679.0,NODWIN Clutch,SourceTV Demo,14129,10603,""
"94d81caf12815656",hindsight-vs-pigeons-m3-nuke,CS2,valve,GOTV,2026-01-18 11:55:09.000 +0000,de_nuke,116653,64.0,67.714814,1822.703092,NODWIN Clutch,SourceTV Demo,14129,10603,""
dc1a3ea81c1f9b20,hindsight-vs-pigeons-m1-inferno,CS2,valve,GOTV,2026-01-18 11:55:41.000 +0000,de_inferno,175469,64.0,67.768698,2741.0,NODWIN Clutch,SourceTV Demo,14129,10603,""
"9b97719b66595b86",parivision-vs-astralis-m1-dust2,CS2,valve,GOTV,2026-01-18 12:39:30.000 +0000,de_dust2,153610,64.0,67.217083,2400.0,BLAST Bounty CS2 Server,SourceTV Demo,14129,10603,""
"9fedeb7256b9e6ea",parivision-vs-astralis-m2-ancient,CS2,valve,GOTV,2026-01-18 12:50:42.000 +0000,de_ancient,200318,64.0,67.314158,3129.0,BLAST Bounty CS2 Server,SourceTV Demo,14129,10603,""
"11a93513ed49b67e",chicken-burger-vs-big-academy-m1-dust2,CS2,valve,GOTV,2026-01-18 13:36:53.000 +0000,de_dust2,151662,64.0,67.976361,2369.0,eBot :: Chicken Burger vs BIG AC,SourceTV Demo,14129,10603,""
"62fb056c88c365e6",chicken-burger-vs-big-academy-m2-mirage,CS2,valve,GOTV,2026-01-18 13:36:41.000 +0000,de_mirage,108910,64.0,67.842446,1701.0,eBot :: BIG AC vs Chicken Burger,SourceTV Demo,14129,10603,""
ba78f6ee72c75fa7,acend-vs-eternal-fire-m1-overpass,CS2,valve,GOTV,2026-01-18 13:58:29.000 +0000,de_overpass,290926,64.0,67.977778,4545.0,eBot :: Eternal Fire vs Acend,SourceTV Demo,14129,10603,""
"5b5534fa0e89a1cc",acend-vs-eternal-fire-m2-mirage,CS2,valve,GOTV,2026-01-18 14:00:20.000 +0000,de_mirage,179226,64.0,67.885714,2800.0,eBot :: Acend vs Eternal Fire,SourceTV Demo,14129,10603,""
b9749b08d65b8d27,los-kogutos-vs-brute-m1-ancient,CS2,valve,GOTV,2026-01-18 14:00:56.000 +0000,de_ancient,159395,64.0,67.720482,2490.0,NODWIN Clutch,SourceTV Demo,14129,10603,""
"28d151d5f23d4b84",los-kogutos-vs-brute-m2-dust2,CS2,valve,GOTV,2026-01-18 14:01:03.000 +0000,de_dust2,186724,64.0,67.702747,2917.562581,NODWIN Clutch,SourceTV Demo,14129,10603,""
"7c4fd7f0f8f6aae5",mouz-nxt-vs-betclic-m1-nuke,CS2,valve,GOTV,2026-01-18 14:09:29.000 +0000,de_nuke,205210,64.0,67.341547,3206.0,eBot :: MOUZ NXT vs Betclic Apogee,SourceTV Demo,14129,10603,""
df0b525227844b7c,mouz-nxt-vs-betclic-m3-mirage,CS2,valve,GOTV,2026-01-18 14:12:47.000 +0000,de_mirage,227612,64.0,67.319741,3556.0,eBot :: MOUZ NXT vs Betclic Apogee,SourceTV Demo,14129,10603,""
ce921e308da85cc9,mouz-nxt-vs-betclic-m2-ancient,CS2,valve,GOTV,2026-01-18 14:10:55.000 +0000,de_ancient,145660,64.0,67.369231,2275.0,eBot :: MOUZ NXT vs Betclic Apogee,SourceTV Demo,14129,10603,""
"319b8a24f3d5e3bc",inner-circle-vs-spirit-m1-ancient,CS2,valve,GOTV,2026-01-18 14:43:07.000 +0000,de_ancient,202878,64.0,67.313979,3169.0,BLAST Bounty CS2 Server,SourceTV Demo,14129,10603,""
"49dd6581ae61cb27",inner-circle-vs-spirit-m2-dust2,CS2,valve,GOTV,2026-01-18 14:43:13.000 +0000,de_dust2,170560,64.0,67.224765,2665.0,BLAST Bounty CS2 Server,SourceTV Demo,14129,10603,""
"32ee618f640f3c34",rare-atom-vs-ur-m2-dust2,CS2,valve,GOTV,2026-01-18 20:31:40.000 +0000,de_dust2,195561,64.0,67.373159,3055.0,完美世界竞技平台赛事服务器,SourceTV Demo,14129,10603,""
"60ccb24c67247cda",rare-atom-vs-ur-m1-ancient,CS2,valve,GOTV,2026-01-18 19:23:48.000 +0000,de_ancient,321739,64.0,67.360255,5027.0,完美世界竞技平台赛事服务器,SourceTV Demo,14129,10603,""
"2ad829638666b8d4",rare-atom-vs-ur-m3-inferno,CS2,valve,GOTV,2026-01-18 21:39:26.000 +0000,de_inferno,195555,64.0,67.312602,3055.0,完美世界竞技平台赛事服务器,SourceTV Demo,14129,10603,""
d58e215792dc7839,sangal-vs-illwill-m2-nuke,CS2,valve,GOTV,2026-01-18 14:40:54.000 +0000,de_nuke,285433,64.0,67.382148,4459.0,FantasyExpo,SourceTV Demo,14129,10603,""
"6716f721d3b95b26",sangal-vs-illwill-m1-mirage,CS2,valve,GOTV,2026-01-18 14:31:58.000 +0000,de_mirage,180189,64.0,67.376554,2815.0,FantasyExpo,SourceTV Demo,14129,10603,""
f0706bd9d0abc1fe,gamehunters-vs-satriales-m2-mirage,CS2,valve,GOTV,2026-01-18 14:44:30.000 +0000,de_mirage,128185,64.0,67.741758,2002.0,FantasyExpo,SourceTV Demo,14129,10603,""
e46a1f71da43fd96,gamehunters-vs-satriales-m1-dust2,CS2,valve,GOTV,2026-01-18 14:42:43.000 +0000,de_dust2,173186,64.0,67.706208,2706.0,FantasyExpo,SourceTV Demo,14129,10603,""
acdd50f6a2aae573,flyquest-vs-steel-helmet-m1-mirage,CS2,valve,GOTV,2026-01-18 22:54:00.000 +0000,de_mirage,151159,64.0,67.382889,2361.0,完美世界竞技平台赛事服务器,SourceTV Demo,14129,10603,""
"37faea3092e1fd7c",flyquest-vs-steel-helmet-m2-anubis,CS2,valve,GOTV,2026-01-18 23:27:50.000 +0000,de_anubis,92128,64.0,67.398193,1439.0,完美世界竞技平台赛事服务器,SourceTV Demo,14129,10603,""
"44c8225491de0038",hyperspirit-vs-aab-m1-overpass,CS2,valve,GOTV,2026-01-18 16:49:35.000 +0000,de_overpass,192529,64.0,67.704122,3008.0,"9ef29730c36a8ed2553afd631e55a2b9",SourceTV Demo,14129,10603,""
ac6924b5f306b714,hyperspirit-vs-aab-m2-mirage,CS2,valve,GOTV,2026-01-18 16:49:19.000 +0000,de_mirage,159963,64.0,67.714686,2499.0,c95f4784ec5d620a2e33d884e585a0ec,SourceTV Demo,14129,10603,""
"92c4f18e5b1a21fc",hyperspirit-vs-aab-m3-ancient,CS2,valve,GOTV,2026-01-18 16:49:27.000 +0000,de_ancient,141634,64.0,67.705829,2213.0,"237ca9e374a1384e10e35f787ff2e781",SourceTV Demo,14129,10603,""
"58127e8e0c40ad30",big-vs-rebels-m1-inferno,CS2,valve,GOTV,2026-01-18 17:10:52.000 +0000,de_inferno,128518,64.0,67.341135,2008.0,eBot :: BIG vs REBELS GAMING,SourceTV Demo,14129,10603,""
"7ad1a0392a592f00",big-vs-rebels-m2-ancient,CS2,valve,GOTV,2026-01-18 17:12:07.000 +0000,de_ancient,171047,64.0,67.320359,2672.0,eBot :: BIG vs REBELS GAMING,SourceTV Demo,14129,10603,""
f8eb96495879106,lilmix-vs-state-m2-overpass,CS2,valve,GOTV,2026-01-18 17:18:48.000 +0000,de_overpass,177740,64.0,67.371624,2777.0,NODWIN Clutch,SourceTV Demo,14129,10603,""
"797cb090bf9f0b",lilmix-vs-state-m1-inferno,CS2,valve,GOTV,2026-01-18 16:23:10.000 +0000,de_inferno,201194,64.0,67.359529,3143.0,NODWIN Clutch,SourceTV Demo,14129,10603,""
bc0f0a87e47cba11,eyeballers-vs-vitality-m2-overpass,CS2,valve,GOTV,2026-01-18 18:02:19.000 +0000,de_overpass,202509,64.0,67.322693,3164.0,BLAST Bounty CS2 Server,SourceTV Demo,14129,10603,""
"8e7a743264da3ff5",eyeballers-vs-vitality-m1-anubis,CS2,valve,GOTV,2026-01-18 17:10:18.000 +0000,de_anubis,317117,64.0,67.337707,4954.0,BLAST Bounty CS2 Server,SourceTV Demo,14129,10603,""
b15a8fb7d3089279,bad-luck-vs-charrados-m1-overpass,CS2,valve,GOTV,2026-01-18 19:01:01.000 +0000,de_overpass,145055,64.0,67.720653,2266.0,FantasyExpo,SourceTV Demo,14129,10603,""
"531cd3c2af13b679",bad-luck-vs-charrados-m2-inferno,CS2,valve,GOTV,2026-01-18 19:04:19.000 +0000,de_inferno,165114,64.0,67.707251,2579.0,FantasyExpo,SourceTV Demo,14129,10603,""
"436390bf0f4b8576",bad-luck-vs-charrados-m3-anubis,CS2,valve,GOTV,2026-01-18 19:05:44.000 +0000,de_anubis,219449,64.0,67.728996,3428.0,FantasyExpo,SourceTV Demo,14129,10603,""
"2aa325b12c081d6b",eternal-fire-vs-acend-m3-dust2,CS2,valve,GOTV,2026-01-18 19:56:20.000 +0000,de_dust2,157316,64.0,67.70057,2458.0,c32c6a4179166e64b88fd856467e5710,SourceTV Demo,14129,10603,""
b1b5c3d3ff0eebcf,eternal-fire-vs-acend-m1-mirage,CS2,valve,GOTV,2026-01-18 17:58:34.000 +0000,de_mirage,157940,64.0,67.724362,2467.0,"5c8b52fc4a8d6f0dca95f42f0c0ba8bd",SourceTV Demo,14129,10603,""
"5c82212d3accfe0d",eternal-fire-vs-acend-m2-overpass,CS2,valve,GOTV,2026-01-18 19:18:29.000 +0000,de_overpass,197173,64.0,67.714935,3080.0,"68749a95890f8c19ed983881325345d3",SourceTV Demo,14129,10603,""
f1155c4667055301,am-vs-unity-m1-mirage,CS2,valve,GOTV,2026-01-18 19:14:59.000 +0000,de_mirage,163805,64.0,67.381008,2559.0,FantasyExpo,SourceTV Demo,14129,10603,""
"49a58b27d3c7c7fc",am-vs-unity-m2-ancient,CS2,valve,GOTV,2026-01-18 19:51:11.000 +0000,de_ancient,93128,64.0,67.398625,1455.0,FantasyExpo,SourceTV Demo,14129,10603,""
a66237217d716c23,am-vs-unity-m3-dust2,CS2,valve,GOTV,2026-01-18 20:34:37.000 +0000,de_dust2,174739,64.0,67.385348,2730.0,FantasyExpo,SourceTV Demo,14129,10603,""
e330e456b4db80a4,aab-vs-bebop-m2-overpass,CS2,valve,GOTV,2026-01-18 20:59:21.000 +0000,de_overpass,166011,64.0,67.393367,2593.0,NODWIN Clutch,SourceTV Demo,14129,10603,""
a2ca8bb245b5a03f,aab-vs-bebop-m1-nuke,CS2,valve,GOTV,2026-01-18 20:58:11.000 +0000,de_nuke,110865,64.0,67.39261,1732.0,NODWIN Clutch,SourceTV Demo,14129,10603,""
"5197543f76489ac6",aab-vs-bebop-m3-ancient,CS2,valve,GOTV,2026-01-18 20:59:33.000 +0000,de_ancient,179947,64.0,67.727499,2811.0,NODWIN Clutch,SourceTV Demo,14129,10603,""
"72700f2c46888739",betclic-vs-big-m2-ancient,CS2,valve,GOTV,2026-01-18 21:13:09.000 +0000,de_ancient,131641,64.0,67.332685,2056.0,eBot :: Betclic Apogee vs BIG,SourceTV Demo,14129,10603,""
"98eafdda0b5a3641",betclic-vs-big-m1-train,CS2,valve,GOTV,2026-01-18 21:13:16.000 +0000,de_train,192115,64.0,67.34855,3001.0,eBot :: Betclic Apogee vs BIG,SourceTV Demo,14129,10603,""
efef0fbfef41a301,fut-vs-furia-m2-overpass,CS2,valve,GOTV,2026-01-18 20:19:01.000 +0000,de_overpass,192960,64.0,67.368491,3015.0,BLAST Bounty CS2 Server,SourceTV Demo,14129,10603,""
"5472be9ae4601bd9",fut-vs-furia-m1-anubis,CS2,valve,GOTV,2026-01-18 20:18:51.000 +0000,de_anubis,222048,64.0,67.347074,3469.0,BLAST Bounty CS2 Server,SourceTV Demo,14129,10603,""
"1ba8baaf92fca4f",fut-vs-furia-m3-dust2,CS2,valve,GOTV,2026-01-18 21:17:42.000 +0000,de_dust2,225921,64.0,67.310198,3530.0,BLAST Bounty CS2 Server,SourceTV Demo,14129,10603,""
f402302ddb781ab3,vasco-vs-four-magic-m2-overpass,CS2,valve,GOTV,2026-01-18 22:57:09.000 +0000,de_overpass,166421,64.0,67.711923,2600.0,FantasyExpo,SourceTV Demo,14129,10603,""
"23fd82dad5a197ba",vasco-vs-four-magic-m3-inferno,CS2,valve,GOTV,2026-01-18 22:57:41.000 +0000,de_inferno,312359,64.0,67.682734,4880.609575,FantasyExpo,SourceTV Demo,14129,10603,""
"7aa99739d81badc1",vasco-vs-four-magic-m1-mirage,CS2,valve,GOTV,2026-01-18 22:57:00.000 +0000,de_mirage,116879,64.0,67.723987,1826.0,FantasyExpo,SourceTV Demo,14129,10603,""
"74aacd91b425e2c5",sharks-vs-mibr-m5-dust2,CS2,valve,GOTV,2026-01-19 03:45:22.000 +0000,de_dust2,122347,64.0,67.4045,1911.0,eBot :: Sharks vs MIBR,SourceTV Demo,14129,10603,""
"441c7360bd50c76c",sharks-vs-mibr-m4-overpass,CS2,valve,GOTV,2026-01-19 03:45:27.000 +0000,de_overpass,186835,64.0,67.373416,2919.0,eBot :: Sharks vs MIBR,SourceTV Demo,14129,10603,""
"1405df56c7951e00",sharks-vs-mibr-m1-inferno,CS2,valve,GOTV,2026-01-19 03:45:13.000 +0000,de_inferno,173524,64.0,67.441903,2711.0,eBot :: Sharks vs MIBR,SourceTV Demo,14129,10603,""
"5c202255dcaea603",sharks-vs-mibr-m3-mirage,CS2,valve,GOTV,2026-01-19 03:45:13.000 +0000,de_mirage,133339,64.0,67.391263,2083.0,eBot :: Sharks vs MIBR,SourceTV Demo,14129,10603,""
"6faa8241f0e5a560",sharks-vs-mibr-m2-ancient,CS2,valve,GOTV,2026-01-19 03:45:16.000 +0000,de_ancient,151540,64.0,67.398817,2367.0,eBot :: Sharks vs MIBR,SourceTV Demo,14129,10603,""
c2328076a7334a84,lynn-vision-vs-walk-the-talk-m2-inferno,CS2,valve,GOTV,2026-01-19 15:19:12.000 +0000,de_inferno,132520,64.0,67.315459,2070.0,完美世界竞技平台赛事服务器,SourceTV Demo,14129,10603,""
b58fc86e8bbedede,lynn-vision-vs-walk-the-talk-m1-overpass,CS2,valve,GOTV,2026-01-19 14:34:22.000 +0000,de_overpass,115663,64.0,67.368013,1807.0,完美世界竞技平台赛事服务器,SourceTV Demo,14129,10603,""
ecf6cb964847c53f,fengda-vs-eruption-m2-mirage,CS2,valve,GOTV,2026-01-19 04:50:30.000 +0000,de_mirage,187974,64.0,67.355805,2937.0,完美世界竞技平台赛事服务器,SourceTV Demo,14129,10603,""
"8a745daf1bcbcb10",fengda-vs-eruption-m1-anubis,CS2,valve,GOTV,2026-01-19 03:52:46.000 +0000,de_anubis,189542,64.0,67.372172,2961.0,完美世界竞技平台赛事服务器,SourceTV Demo,14129,10603,""
"512f65d79752db5b",pigeons-vs-los-kogutos-m1-mirage,CS2,valve,GOTV,2026-01-19 10:04:12.000 +0000,de_mirage,149325,64.0,67.710244,2333.0,NODWIN Clutch,SourceTV Demo,14129,10603,""
"20fe6144a031b919",nuclear-tigeres-vs-arcred-m2-inferno,CS2,valve,GOTV,2026-01-19 11:42:14.000 +0000,de_inferno,172527,64.0,67.70538,2695.0,FantasyExpo,SourceTV Demo,14129,10603,""
f24a8a0c8d3af7fd,nuclear-tigeres-vs-arcred-m3-anubis,CS2,valve,GOTV,2026-01-19 11:42:14.000 +0000,de_anubis,157661,64.0,67.592773,2463.0,FantasyExpo,SourceTV Demo,14129,10603,""
"6f0ae805faa2da5d",nuclear-tigeres-vs-arcred-m1-mirage,CS2,valve,GOTV,2026-01-19 11:41:38.000 +0000,de_mirage,108190,64.0,67.732544,1690.0,FantasyExpo,SourceTV Demo,14129,10603,""
ff000c6bcda4e4d7,masonic-vs-navi-junior-m1-overpass,CS2,valve,GOTV,2026-01-19 11:59:21.000 +0000,de_overpass,146210,64.0,67.882662,2284.0,eBot :: Navi junior vs Masonic,SourceTV Demo,14129,10603,""
"3aef82602b64df49",masonic-vs-navi-junior-m2-mirage,CS2,valve,GOTV,2026-01-19 11:47:26.000 +0000,de_mirage,146587,64.0,67.89214,2290.0,eBot :: Masonic vs Navi junior,SourceTV Demo,14129,10603,""
ece49016c38ed070,masonic-vs-navi-junior-m3-inferno,CS2,valve,GOTV,2026-01-19 11:59:21.000 +0000,de_inferno,137241,64.0,67.85681,2144.0,eBot :: Masonic vs Navi junior,SourceTV Demo,14129,10603,""
de841a4031883d6d,kono-vs-rottweilers-m1-nuke,CS2,valve,GOTV,2026-01-19 12:05:18.000 +0000,de_nuke,172354,64.0,67.41515,2693.0,FantasyExpo,SourceTV Demo,14129,10603,""
"82827454c17fd39a",kono-vs-rottweilers-m2-dust2,CS2,valve,GOTV,2026-01-19 11:45:21.000 +0000,de_dust2,146648,64.0,67.386294,2291.0,FantasyExpo,SourceTV Demo,14129,10603,""
"91b632446276457a",nemiga-vs-genone-m2-nuke,CS2,valve,GOTV,2026-01-19 13:33:28.000 +0000,de_nuke,134961,64.0,67.73482,2108.0,FantasyExpo,SourceTV Demo,14129,10603,""
d013a285af3cd019,nemiga-vs-genone-m1-ancient,CS2,valve,GOTV,2026-01-19 13:38:34.000 +0000,de_ancient,146174,64.0,67.738064,2283.0,FantasyExpo,SourceTV Demo,14129,10603,""
"62f47ac112ded76c",metizport-vs-ex-ruby-m1-overpass,CS2,valve,GOTV,2026-01-19 13:46:25.000 +0000,de_overpass,149349,64.0,67.855551,2333.0,eBot :: ex-RUBY vs Metizport,SourceTV Demo,14129,10603,""
"7f45669c9c0ddf0b",metizport-vs-ex-ruby-m2-dust2,CS2,valve,GOTV,2026-01-19 13:46:30.000 +0000,de_dust2,151968,64.0,67.87321,2374.0,eBot :: Metizport vs ex-RUBY,SourceTV Demo,14129,10603,""
"57fc4ddfd0f33850",lilmix-vs-bebop-m2-mirage,CS2,valve,GOTV,2026-01-19 13:50:54.000 +0000,de_mirage,125465,64.0,67.720918,1960.0,NODWIN Clutch,SourceTV Demo,14129,10603,""
"2ae1cc0d2cda666c",lilmix-vs-bebop-m1-ancient,CS2,valve,GOTV,2026-01-19 13:51:11.000 +0000,de_ancient,168922,64.0,67.712012,2639.0,NODWIN Clutch,SourceTV Demo,14129,10603,""
"24868ed375d388a8",fut-academy-vs-truck-drivers-m1-nuke,CS2,valve,GOTV,2026-01-19 13:58:52.000 +0000,de_nuke,168522,64.0,67.938093,2633.0,eBot :: Truck Drivers vs FUT AC,SourceTV Demo,14129,10603,""
"567d936e05038078",fut-academy-vs-truck-drivers-m2-mirage,CS2,valve,GOTV,2026-01-19 13:38:46.000 +0000,de_mirage,136600,64.0,67.739925,2134.0,eBot :: FUT AC vs Truck Drivers,SourceTV Demo,14129,10603,""
c0a9626907f6487d,bushido-wildcats-vs-pigeons-m1-mirage,CS2,valve,GOTV,2026-01-19 14:06:52.000 +0000,de_mirage,143745,64.0,67.362422,2246.0,FantasyExpo,SourceTV Demo,14129,10603,""
"5deff1165e818acf",bushido-wildcats-vs-pigeons-m2-inferno,CS2,valve,GOTV,2026-01-19 14:06:54.000 +0000,de_inferno,118656,64.0,67.361381,1854.0,FantasyExpo,SourceTV Demo,14129,10603,""
"7dd33b8d61df65e",unity-vs-fingers-crossed-m1-mirage,CS2,valve,GOTV,2026-01-19 15:56:26.000 +0000,de_mirage,163048,64.0,67.919513,2547.0,eBot :: UNiTY vs Fingers Crossed,SourceTV Demo,14129,10603,""
"234c16eeca6ac847",unity-vs-fingers-crossed-m2-inferno,CS2,valve,GOTV,2026-01-19 15:56:23.000 +0000,de_inferno,183991,64.0,67.900835,2874.0,eBot :: Fingers Crossed vs UNiTY,SourceTV Demo,14129,10603,""
"59ee3086e946cf74",bet-m-vs-favbet-m1-inferno,CS2,valve,GOTV,2026-01-19 17:12:24.000 +0000,de_inferno,259081,64.0,67.700099,4048.0,FantasyExpo,SourceTV Demo,14129,10603,""
"97e55146f7da19fc",bet-m-vs-favbet-m2-ancient,CS2,valve,GOTV,2026-01-19 17:12:05.000 +0000,de_ancient,141062,64.0,67.729583,2204.0,FantasyExpo,SourceTV Demo,14129,10603,""
f703badc67aea0fe,satriales-vs-herewegoagain-m2-mirage,CS2,valve,GOTV,2026-01-19 17:34:26.000 +0000,de_mirage,132197,64.0,67.397579,2065.0,FantasyExpo,SourceTV Demo,14129,10603,""
"1831d36c7513cba7",satriales-vs-herewegoagain-m3-anubis,CS2,valve,GOTV,2026-01-19 17:35:48.000 +0000,de_anubis,145310,64.0,67.395154,2270.0,FantasyExpo,SourceTV Demo,14129,10603,""
"796014bfc18f028d",satriales-vs-herewegoagain-m1-dust2,CS2,valve,GOTV,2026-01-19 17:35:51.000 +0000,de_dust2,147930,64.0,67.386846,2311.0,FantasyExpo,SourceTV Demo,14129,10603,""
"5016c13e6eb6a5cb",acend-vs-ursa-m2-nuke,CS2,valve,GOTV,2026-01-19 17:18:46.000 +0000,de_nuke,160115,64.0,67.393842,2501.0,FantasyExpo,SourceTV Demo,14129,10603,""
"54b35618beb58bdb",acend-vs-ursa-m1-inferno,CS2,valve,GOTV,2026-01-19 16:49:33.000 +0000,de_inferno,147038,64.0,67.362212,2297.0,FantasyExpo,SourceTV Demo,14129,10603,""
aa887fec86d43964,acend-vs-ursa-m3-overpass,CS2,valve,GOTV,2026-01-19 18:35:12.000 +0000,de_overpass,182402,64.0,67.337544,2850.0,FantasyExpo,SourceTV Demo,14129,10603,""
"96d88a7d1329b7",magicos-vs-lospegadinhas-m2-anubis,CS2,valve,GOTV,2026-01-19 19:51:04.000 +0000,de_anubis,121275,64.0,67.417107,1894.0,FantasyExpo,SourceTV Demo,14129,10603,""
e89633500c24ccd,magicos-vs-lospegadinhas-m1-ancient,CS2,valve,GOTV,2026-01-19 19:51:39.000 +0000,de_ancient,179695,64.0,67.387959,2807.0,FantasyExpo,SourceTV Demo,14129,10603,""
d80c62ce8d30388d,nemesis-vs-forze-reload-m1-dust2,CS2,valve,GOTV,2026-01-19 20:01:16.000 +0000,de_ancient,160088,64.0,67.740104,2501.0,FantasyExpo,SourceTV Demo,14129,10603,""
"3c86ebc2f0e6509b",nemesis-vs-forze-reload-m2-ancient,CS2,valve,GOTV,2026-01-19 20:02:14.000 +0000,de_dust2,184419,64.0,67.714682,2881.0,FantasyExpo,SourceTV Demo,14129,10603,""
a62fe0afd3034f42,pain-academy-vs-charrados-m2-mirage,CS2,valve,GOTV,2026-01-19 23:47:15.000 +0000,de_mirage,149526,64.0,67.381849,2336.0,FantasyExpo,SourceTV Demo,14129,10603,""
f419c1b7c8dcac90,pain-academy-vs-charrados-m1-inferno,CS2,valve,GOTV,2026-01-19 23:47:31.000 +0000,de_inferno,233541,64.0,67.351055,3649.0,FantasyExpo,SourceTV Demo,14129,10603,""
"533b48fe92702f05",pain-academy-vs-charrados-m3-dust2,CS2,valve,GOTV,2026-01-19 23:46:25.000 +0000,de_dust2,104341,64.0,67.415951,1630.0,FantasyExpo,SourceTV Demo,14129,10603,""
"8f3c21b20f84062a",nuclear-tigeres-vs-unity-m1-anubis,CS2,valve,GOTV,2026-01-20 10:35:37.000 +0000,de_anubis,117993,64.0,67.735757,1843.0,FantasyExpo,SourceTV Demo,14129,10603,""
"54b45a1874b21831",nuclear-tigeres-vs-unity-m2-ancient,CS2,valve,GOTV,2026-01-20 10:35:48.000 +0000,de_ancient,157362,64.0,67.725386,2458.0,FantasyExpo,SourceTV Demo,14129,10603,""
"8329f6b8ad1a48a0",rottweilers-vs-pigeons-m1-dust2,CS2,valve,GOTV,2026-01-20 11:41:49.000 +0000,de_dust2,229215,64.0,67.380899,3581.0,FantasyExpo,SourceTV Demo,14129,10603,""
"79e72cc113e197a3",rottweilers-vs-pigeons-m2-mirage,CS2,valve,GOTV,2026-01-20 11:50:55.000 +0000,de_mirage,143470,64.0,67.408746,2241.0,FantasyExpo,SourceTV Demo,14129,10603,""
b9472c5fd681ff1f,prestige-vs-fut-academy-m2-ancient,CS2,valve,GOTV,2026-01-20 11:39:24.000 +0000,de_ancient,156713,64.0,67.897059,2448.0,eBot :: Prestige vs FUT AC,SourceTV Demo,14129,10603,""
"1428a19a8f814719",prestige-vs-fut-academy-m1-inferno,CS2,valve,GOTV,2026-01-20 11:39:35.000 +0000,de_inferno,181727,64.0,67.873547,2839.0,eBot :: FUT AC vs Prestige,SourceTV Demo,14129,10603,""
b5301a91dbc59f81,arcred-vs-bebop-m2-dust2,CS2,valve,GOTV,2026-01-20 12:15:07.000 +0000,de_dust2,152228,64.0,67.724138,2378.0,NODWIN Clutch,SourceTV Demo,14129,10603,""
"85289b1557309e5",arcred-vs-bebop-m1-ancient,CS2,valve,GOTV,2026-01-20 12:15:15.000 +0000,de_ancient,179400,64.0,67.705316,2803.0,NODWIN Clutch,SourceTV Demo,14129,10603,""
e097ff1c532969b1,mouz-nxt-vs-basement-boys-m1-mirage,CS2,valve,GOTV,2026-01-20 13:20:01.000 +0000,de_mirage,194870,64.0,67.896846,3044.0,eBot :: MOUZ NXT vs Basement Boys,SourceTV Demo,14129,10603,""
"3d04a3a6026a8e00",mouz-nxt-vs-basement-boys-m3-nuke,CS2,valve,GOTV,2026-01-20 13:19:57.000 +0000,de_nuke,195643,64.0,67.908377,3056.0,eBot :: Basement Boys vs MOUZ NXT,SourceTV Demo,14129,10603,""
"53f3e34648df5eda",mouz-nxt-vs-basement-boys-m2-train,CS2,valve,GOTV,2026-01-20 13:20:06.000 +0000,de_train,195737,64.0,67.934598,3058.0,eBot :: Basement Boys vs MOUZ NXT,SourceTV Demo,14129,10603,""
"3020d65d37204122",big-academy-vs-navi-junior-m2-overpass,CS2,valve,GOTV,2026-01-20 13:25:55.000 +0000,de_overpass,143620,64.0,67.322193,2244.0,eBot :: BIG AC vs Navi Junior,SourceTV Demo,14129,10603,""
"713fb2e544c4220",big-academy-vs-navi-junior-m1-ancient,CS2,valve,GOTV,2026-01-20 13:26:10.000 +0000,de_ancient,205390,64.0,67.893113,3209.0,eBot :: Navi Junior vs BIG AC,SourceTV Demo,14129,10603,""
"1cc1b0adc17d5a2b",favbet-vs-phaantom-m1-anubis,CS2,valve,GOTV,2026-01-20 15:17:50.000 +0000,de_anubis,296157,64.0,67.732008,4627.0,FantasyExpo,SourceTV Demo,14129,10603,""
"98e03c6f9337ec9b",favbet-vs-phaantom-m2-nuke,CS2,valve,GOTV,2026-01-20 15:16:05.000 +0000,de_nuke,208979,64.0,67.68392,3265.0,FantasyExpo,SourceTV Demo,14129,10603,""
b63b5a56035dc118,aab-vs-basement-boys-m3-ancient,CS2,valve,GOTV,2026-01-20 15:58:33.000 +0000,de_ancient,224297,64.0,67.69453,3504.640623,NODWIN Clutch,SourceTV Demo,14129,10603,""
ca48736f113f2ac,aab-vs-basement-boys-m1-mirage,CS2,valve,GOTV,2026-01-20 15:58:49.000 +0000,de_mirage,200078,64.0,67.734165,3126.0,NODWIN Clutch,SourceTV Demo,14129,10603,""
dcc113f1689d80de,aab-vs-basement-boys-m2-inferno,CS2,valve,GOTV,2026-01-20 15:58:49.000 +0000,de_inferno,214082,64.0,67.679522,3345.0,NODWIN Clutch,SourceTV Demo,14129,10603,""
"7b69d8ea98ec60b4",magic-vs-mana-m2-dust2,CS2,valve,GOTV,2026-01-20 16:34:21.000 +0000,de_dust2,225621,64.0,67.902411,3525.0,eBot :: MANA vs magic,SourceTV Demo,14129,10603,""
"3da5477c4831a35",magic-vs-mana-m1-ancient,CS2,valve,GOTV,2026-01-20 16:34:03.000 +0000,de_ancient,155517,64.0,67.953067,2429.0,eBot :: MANA vs magic,SourceTV Demo,14129,10603,""
fdee9a7771d80500,sangal-vs-forze-reload-m1-mirage,CS2,valve,GOTV,2026-01-20 16:58:25.000 +0000,de_mirage,139796,64.0,67.716117,2184.0,FantasyExpo,SourceTV Demo,14129,10603,""
"3f5c961aa2f2c03",sangal-vs-forze-reload-m2-ancient,CS2,valve,GOTV,2026-01-20 16:59:39.000 +0000,de_ancient,206604,64.0,67.70632,3228.0,FantasyExpo,SourceTV Demo,14129,10603,""
"7b64d87d2f5d907b",bad-luck-vs-prison-breakers-m2-dust2,CS2,valve,GOTV,2026-01-20 17:49:51.000 +0000,de_dust2,144405,64.0,67.384752,2256.0,FantasyExpo,SourceTV Demo,14129,10603,""
c9bc0679f483e0c9,bad-luck-vs-prison-breakers-m1-anubis,CS2,valve,GOTV,2026-01-20 17:48:35.000 +0000,de_anubis,143719,64.0,67.393764,2245.0,FantasyExpo,SourceTV Demo,14129,10603,""
"966daa4193f074e0",bad-luck-vs-prison-breakers-m3-inferno,CS2,valve,GOTV,2026-01-20 17:51:01.000 +0000,de_inferno,199670,64.0,67.360051,3119.0,FantasyExpo,SourceTV Demo,14129,10603,""
"2c8de8ed23e2a41",kono-vs-bushido-wildcats-m2-dust2,CS2,valve,GOTV,2026-01-20 18:56:10.000 +0000,de_dust2,132928,64.0,67.37843,2077.0,FantasyExpo,SourceTV Demo,14129,10603,""
f280a7aeb507148e,kono-vs-bushido-wildcats-m1-nuke,CS2,valve,GOTV,2026-01-20 16:56:27.000 +0000,de_nuke,239020,64.0,67.388056,3734.0,FantasyExpo,SourceTV Demo,14129,10603,""
"293073b8cc6cd179",kono-vs-bushido-wildcats-m3-anubis,CS2,valve,GOTV,2026-01-20 18:56:54.000 +0000,de_anubis,202276,64.0,67.379747,3160.0,FantasyExpo,SourceTV Demo,14129,10603,""
"471eef0dc1f5e829",gamehunters-vs-vasco-m3-anubis,CS2,valve,GOTV,2026-01-20 20:57:59.000 +0000,de_anubis,168915,64.0,67.378174,2639.0,FantasyExpo,SourceTV Demo,14129,10603,""
"830ef660344b7bbe",gamehunters-vs-vasco-m2-ancient,CS2,valve,GOTV,2026-01-20 20:58:09.000 +0000,de_ancient,194405,64.0,67.360882,3037.0,FantasyExpo,SourceTV Demo,14129,10603,""
aa599af01adace51,gamehunters-vs-vasco-m1-dust2,CS2,valve,GOTV,2026-01-20 20:57:48.000 +0000,de_dust2,155364,64.0,67.388546,2427.0,FantasyExpo,SourceTV Demo,14129,10603,""
"76823ff6d3e71036",ursa-vs-bebop-m2-overpass,CS2,valve,GOTV,2026-01-20 21:40:50.000 +0000,de_overpass,174973,64.0,67.422613,2733.0,FantasyExpo,SourceTV Demo,14129,10603,""
b696a1dd1e3c0251,ursa-vs-bebop-m1-nuke,CS2,valve,GOTV,2026-01-20 21:40:15.000 +0000,de_nuke,141412,64.0,67.395654,2209.0,FantasyExpo,SourceTV Demo,14129,10603,""
"36a673862bdb4b0a",ursa-vs-bebop-m3-mirage,CS2,valve,GOTV,2026-01-20 21:40:58.000 +0000,de_mirage,160793,64.0,67.379379,2512.0,FantasyExpo,SourceTV Demo,14129,10603,""
e998a7363f8a47c5,crashers-vs-oruga-m1-dust2,CS2,valve,GOTV,2026-01-21 00:16:24.000 +0000,de_dust2,182372,64.0,67.384696,2849.0,FantasyExpo,SourceTV Demo,14129,10603,""
"4f13ea376fe8fa9e",crashers-vs-oruga-m2-inferno,CS2,valve,GOTV,2026-01-21 00:17:41.000 +0000,de_inferno,0,64.0,0.0,0.0,FantasyExpo,SourceTV Demo,14129,10603,""
ff9ad644f07ebe1a,crashers-vs-oruga-m3-nuke,CS2,valve,GOTV,2026-01-21 00:16:15.000 +0000,de_nuke,165259,64.0,67.376065,2582.0,FantasyExpo,SourceTV Demo,14129,10603,""
"749feb2ea0b7dadc",nemesis-vs-arcred-m1-ancient,CS2,valve,GOTV,2026-01-21 10:52:16.000 +0000,de_ancient,182910,64.0,67.39062,2857.0,FantasyExpo,SourceTV Demo,14129,10603,""
"1200c1009d4cc65f",nemesis-vs-arcred-m2-dust2,CS2,valve,GOTV,2026-01-21 10:51:18.000 +0000,de_dust2,125539,64.0,67.397756,1961.0,FantasyExpo,SourceTV Demo,14129,10603,""
"479f0234f1757692",masonic-vs-truck-drivers-m2-nuke,CS2,valve,GOTV,2026-01-21 10:52:10.000 +0000,de_nuke,147798,64.0,67.86401,2309.0,eBot :: Truck Drivers vs Masonic,SourceTV Demo,14129,10603,""
d34890392be91652,masonic-vs-truck-drivers-m1-mirage,CS2,valve,GOTV,2026-01-21 10:52:20.000 +0000,de_mirage,150252,64.0,67.866212,2347.0,eBot :: Masonic vs Truck Drivers,SourceTV Demo,14129,10603,""
ad8782671307c111,bebop-vs-allinners-m3-ancient,CS2,valve,GOTV,2026-01-21 13:00:10.000 +0000,de_ancient,106713,64.0,67.829034,1667.0,eBot :: Bebop vs ALLINNERS,SourceTV Demo,14129,10603,""
c31def158f1ff22a,bebop-vs-allinners-m2-mirage,CS2,valve,GOTV,2026-01-21 13:00:36.000 +0000,de_mirage,255379,64.0,67.964662,3990.0,eBot :: Bebop vs ALLINNERS,SourceTV Demo,14129,10603,""
"28de2bc4cbc7bba3",bebop-vs-allinners-m1-dust2,CS2,valve,GOTV,2026-01-21 13:00:16.000 +0000,de_dust2,142946,64.0,67.957009,2233.0,eBot :: ALLINNERS vs Bebop,SourceTV Demo,14129,10603,""
"9f578dadfd1bf32c",mouz-nxt-vs-los-kogutos-m2-overpass,CS2,valve,GOTV,2026-01-21 12:59:21.000 +0000,de_overpass,129858,64.0,67.37654,2029.0,FantasyExpo,SourceTV Demo,14129,10603,""
a24d129cf77fb424,mouz-nxt-vs-los-kogutos-m1-mirage,CS2,valve,GOTV,2026-01-21 12:58:47.000 +0000,de_mirage,176502,64.0,67.384113,2757.0,FantasyExpo,SourceTV Demo,14129,10603,""
"942f3a5ec52656ce",mouz-nxt-vs-los-kogutos-m3-anubis,CS2,valve,GOTV,2026-01-21 12:58:55.000 +0000,de_anubis,278910,64.0,67.3888,4357.0,FantasyExpo,SourceTV Demo,14129,10603,""
cc49035552e3cce9,hotu-vs-sangal-m1-mirage,CS2,valve,GOTV,2026-01-21 11:20:06.000 +0000,de_mirage,255365,64.0,68.138346,3990.0,Counter-Strike 2,SourceTV Demo,14129,10603,""
a0db0b97f8770cad,hotu-vs-sangal-m3-ancient,CS2,valve,GOTV,2026-01-21 13:53:04.000 +0000,de_ancient,135631,64.0,68.059462,2119.0,Counter-Strike 2,SourceTV Demo,14129,10603,""
"7c61fd2f62b59a72",hotu-vs-sangal-m2-overpass-p3,CS2,valve,GOTV,2026-01-21 13:02:08.000 +0000,de_overpass,25052,64.0,81.432225,391.0,Counter-Strike 2,SourceTV Demo,14129,10603,""
"64924f6ac87b489b",hotu-vs-sangal-m2-overpass-p1,CS2,valve,GOTV,2026-01-21 13:02:03.000 +0000,de_overpass,146921,64.0,68.079739,2295.0,Counter-Strike 2,SourceTV Demo,14129,10603,""
"2462adad3972e960",hotu-vs-sangal-m2-overpass-p2,CS2,valve,GOTV,2026-01-21 13:02:07.000 +0000,de_overpass,113011,64.0,76.705382,1765.0,Counter-Strike 2,SourceTV Demo,14129,10603,""
"84acd108bd0b97e3","9ine-vs-k27-m1-ancient-p3",CS2,valve,GOTV,2026-01-21 12:37:10.000 +0000,de_ancient,149333,64.0,72.732105,2333.0,Counter-Strike 2,SourceTV Demo,14129,10603,""
"84f556a3d0bb96d2","9ine-vs-k27-m1-ancient-p2",CS2,valve,GOTV,2026-01-21 13:14:59.000 +0000,de_ancient,88896,64.0,68.228942,1388.999999,Counter-Strike 2,SourceTV Demo,14129,10603,""
"6ddd1f7ec36ec711","9ine-vs-k27-m3-dust2",CS2,valve,GOTV,2026-01-21 14:31:37.000 +0000,de_dust2,192245,64.0,68.349983,3003.0,Counter-Strike 2,SourceTV Demo,14129,10603,""
ab52e6a5dfd130ec,"9ine-vs-k27-m2-overpass",CS2,valve,GOTV,2026-01-21 13:23:59.000 +0000,de_overpass,114344,64.0,68.278835,1786.0,Counter-Strike 2,SourceTV Demo,14129,10603,""
"1ebc3efcb2fd27b8","9ine-vs-k27-m1-ancient-p1",CS2,valve,GOTV,2026-01-21 13:12:28.000 +0000,de_ancient,29914,64.0,68.002141,467.0,Counter-Strike 2,SourceTV Demo,14129,10603,""
db75c50cfcf84926,"9ine-vs-k27-m1-ancient-p4",CS2,valve,GOTV,2026-01-21 12:37:12.000 +0000,de_ancient,76424,64.0,77.121441,1194.0,Counter-Strike 2,SourceTV Demo,14129,10603,""
"6e376ce7ab748c62",fut-vs-big-academy-m1-ancient-p2,CS2,valve,GOTV,2026-01-21 12:10:31.000 +0000,de_ancient,180966,64.0,68.05306,2827.0,Counter-Strike 2,SourceTV Demo,14129,10603,""
"3ee56e08db4c3cb8",fut-vs-big-academt-m1-ancient-p1,CS2,valve,GOTV,2026-01-21 13:11:35.000 +0000,de_ancient,589928,64.0,64.272198,9217.624769,Counter-Strike 2,SourceTV Demo,14129,10603,""
df630d5eeb08a6d,fut-vs-big-academy-m3-overpass,CS2,valve,GOTV,2026-01-21 14:39:35.000 +0000,de_overpass,273281,64.0,68.033958,4270.0,Counter-Strike 2,SourceTV Demo,14129,10603,""
"70116a9d8708bbd2",fut-vs-big-academy-m2-mirage,CS2,valve,GOTV,2026-01-21 13:12:57.000 +0000,de_mirage,182985,64.0,68.036027,2859.0,Counter-Strike 2,SourceTV Demo,14129,10603,""
a3e6eabee0c9ab0d,nuclear-tigeres-vs-gentle-mates-m1-ancient-p2,CS2,valve,GOTV,2026-01-21 11:09:55.000 +0000,de_ancient,79697,64.0,72.06506,1245.0,Counter-Strike 2,SourceTV Demo,14129,10603,""
"2c4b7b99bdc9aa34",nuclear-tigeres-vs-gentle-mates-m2-nuke,CS2,valve,GOTV,2026-01-21 12:09:16.000 +0000,de_nuke,175242,64.0,68.041636,2738.0,Counter-Strike 2,SourceTV Demo,14129,10603,""
"91609a6608f8a293",nuclear-tigeres-vs-gentle-mates-m3-inferno,CS2,valve,GOTV,2026-01-21 13:39:50.000 +0000,de_inferno,286581,64.0,68.039759,4477.0,Counter-Strike 2,SourceTV Demo,14129,10603,""
ef76fcf08c9c41d4,nemiga-vs-ex-ruby-m3-mirage,CS2,valve,GOTV,2026-01-21 15:02:55.000 +0000,de_mirage,152820,64.0,67.400084,2387.0,FantasyExpo,SourceTV Demo,14129,10603,""
"609799b658f786f7",nemiga-vs-ex-ruby-m2-ancient,CS2,valve,GOTV,2026-01-21 15:01:51.000 +0000,de_ancient,171162,64.0,67.403141,2674.0,FantasyExpo,SourceTV Demo,14129,10603,""
ee2cfa583112bbed,nemiga-vs-ex-ruby-m1-dust2,CS2,valve,GOTV,2026-01-21 15:01:34.000 +0000,de_dust2,204139,64.0,67.40232,3189.0,FantasyExpo,SourceTV Demo,14129,10603,""
"64219c2ff487875e",allinners-vs-illwill-m2-dust2,CS2,valve,GOTV,2026-01-21 15:04:13.000 +0000,de_dust2,150090,64.0,67.376119,2345.0,FantasyExpo,SourceTV Demo,14129,10603,""
"41fe1816bc30c669",allinners-vs-illwill-m1-mirage,CS2,valve,GOTV,2026-01-21 15:04:17.000 +0000,de_mirage,178758,64.0,67.401003,2793.0,FantasyExpo,SourceTV Demo,14129,10603,""
f84a029cd835cc79,fluxo-vs-nc-m2-nuke,CS2,valve,GOTV,2026-01-21 15:17:27.000 +0000,de_nuke,178117,64.0,67.703557,2783.0,eBot :: Fluxo W7M vs NÃO COPULAS,SourceTV Demo,14129,10603,""
"4f6c9d02c7bc274",fluxo-vs-nc-m1-anubis,CS2,valve,GOTV,2026-01-21 15:17:28.000 +0000,de_anubis,204548,64.0,67.698999,3196.0,eBot :: Fluxo W7M vs NÃO COPULAS,SourceTV Demo,14129,10603,""
b1885df0ee45aa54,fake-do-biru-vs-yawara-m2-dust2,CS2,valve,GOTV,2026-01-21 16:08:30.000 +0000,de_dust2,127215,64.0,67.733266,1987.0,eBot :: Yawara vs Fake do Biru,SourceTV Demo,14129,10603,""
d10ce9b4b35db17b,fake-do-biru-vs-yawara-m1-mirage,CS2,valve,GOTV,2026-01-21 16:08:36.000 +0000,de_mirage,162089,64.0,67.71564,2532.0,eBot :: Yawara vs Fake do Biru,SourceTV Demo,14129,10603,""
be41d72a8cdd50e8,fake-do-biru-vs-yawara-m3-overpass,CS2,valve,GOTV,2026-01-21 16:08:42.000 +0000,de_overpass,221875,64.0,67.685228,3466.0,eBot :: Yawara vs Fake do Biru,SourceTV Demo,14129,10603,""
"42c95ab5bb33fbc9",kolesie-vs-fnatic-m2-mirage,CS2,valve,GOTV,2026-01-21 16:16:53.000 +0000,de_mirage,115402,64.0,68.362174,1803.0,Counter-Strike 2,SourceTV Demo,14129,10603,""
"9e69fe42c6a759fb",kolesie-vs-fnatic-m1-ancient-p2,CS2,valve,GOTV,2026-01-21 15:28:05.000 +0000,de_ancient,162832,64.0,68.35967,2544.0,Counter-Strike 2,SourceTV Demo,14129,10603,""
"654d40ac61c0eaed",ursa-vs-bc-game-m1-dust2,CS2,valve,GOTV,2026-01-21 15:26:47.000 +0000,de_dust2,288693,64.0,68.339024,4510.0,Counter-Strike 2,SourceTV Demo,14129,10603,""
"8f9d7916bf0b1742",ursa-vs-bc-game-m2-anubis,CS2,valve,GOTV,2026-01-21 16:39:32.000 +0000,de_anubis,210180,64.0,68.291717,3284.0,Counter-Strike 2,SourceTV Demo,14129,10603,""
"92de1b53f67fffcd",gamehunters-vs-herewegoagain-m1-mirage,CS2,valve,GOTV,2026-01-21 16:59:39.000 +0000,de_mirage,168855,64.0,67.305534,2638.0,FantasyExpo,SourceTV Demo,14129,10603,""
"9c8d21e21c3390e1",gamehunters-vs-herewegoagain-m2-ancient,CS2,valve,GOTV,2026-01-21 17:03:27.000 +0000,de_ancient,198857,64.0,67.376569,3107.0,FantasyExpo,SourceTV Demo,14129,10603,""
edcd62cbccc337c2,oramond-vs-bet-m-m1-ancient,CS2,valve,GOTV,2026-01-21 17:20:07.000 +0000,de_ancient,301926,64.0,67.376934,4717.0,FantasyExpo,SourceTV Demo,14129,10603,""
"42d8bad9b90e9c7",oramond-vs-bet-m-m2-mirage,CS2,valve,GOTV,2026-01-21 17:33:04.000 +0000,de_mirage,121199,64.0,67.403064,1893.0,FantasyExpo,SourceTV Demo,14129,10603,""
"21dcf45a9eed6d84",nc-vs-yawara-m1-anubis,CS2,valve,GOTV,2026-01-21 18:24:12.000 +0000,de_anubis,163768,64.0,67.727912,2558.0,eBot :: Yawara vs NÃO COPULAS,SourceTV Demo,14129,10603,""
"2e0ccb276a0f195d",nc-vs-yawara-m2-ancient,CS2,valve,GOTV,2026-01-21 18:23:06.000 +0000,de_ancient,91095,64.0,67.737878,1423.0,eBot :: Yawara vs NÃO COPULAS,SourceTV Demo,14129,10603,""
"17050cb8651b49f1",forze-reload-vs-masonic-m2-nuke,CS2,valve,GOTV,2026-01-21 18:31:43.000 +0000,de_nuke,151758,64.0,67.375055,2371.218833,FantasyExpo,SourceTV Demo,14129,10603,""
"313f9694f6044536",forze-reload-vs-masonic-m1-ancient,CS2,valve,GOTV,2026-01-21 18:32:38.000 +0000,de_ancient,420274,64.0,67.391715,6566.0,FantasyExpo,SourceTV Demo,14129,10603,""
dc92a0e1d230258,k27-vs-fut-m1-nuke-p1,CS2,valve,GOTV,2026-01-21 17:34:28.000 +0000,de_nuke,85813,64.0,68.408955,1340.0,Counter-Strike 2,SourceTV Demo,14129,10603,""
"4cd3de9691838b8b",k27-vs-fut-m2-mirage,CS2,valve,GOTV,2026-01-21 18:16:28.000 +0000,de_mirage,117217,64.0,68.372474,1831.0,Counter-Strike 2,SourceTV Demo,14129,10603,""
"6c39cfc7f9d8bab6",k27-vs-fut-m1-nuke-p2,CS2,valve,GOTV,2026-01-21 17:34:29.000 +0000,de_nuke,80643,64.0,72.981746,1260.0,Counter-Strike 2,SourceTV Demo,14129,10603,""
"33de35c026ecd383",betboom-vs-genone-m2-nuke-p1,CS2,valve,GOTV,2026-01-21 17:44:22.000 +0000,de_nuke,283194,64.0,67.831148,4424.0,Counter-Strike 2,SourceTV Demo,14129,10603,""
"2c371ad452ad8bd6",betboom-vs-genone-m1-ancient,CS2,valve,GOTV,2026-01-21 15:58:19.000 +0000,de_ancient,183050,64.0,67.996154,2860.0,Counter-Strike 2,SourceTV Demo,14129,10603,""
"19200d3ab2e99adc",betboom-vs-genone-m2-nuke-p2,CS2,valve,GOTV,2026-01-21 17:44:24.000 +0000,de_nuke,70338,64.0,78.789809,1099.0,Counter-Strike 2,SourceTV Demo,14129,10603,""
e2bf3b12c9a923b7,betboom-vs-genone-m3-dust2,CS2,valve,GOTV,2026-01-21 19:00:47.000 +0000,de_dust2,200090,64.0,67.929303,3126.0,Counter-Strike 2,SourceTV Demo,14129,10603,""
c69e0efcc61ef109,oddik-vs-bestia-m1-dust2-p3,CS2,valve,GOTV,2026-01-21 18:19:40.000 +0000,de_dust2,3128,64.0,73.514067,48.875,Counter-Strike 2,SourceTV Demo,14129,10603,""
c7345237a5dfa992,oddik-vs-bestia-m1-dust2-p1,CS2,valve,GOTV,2026-01-21 18:19:40.000 +0000,de_dust2,111263,64.0,68.401611,1738.0,Counter-Strike 2,SourceTV Demo,14129,10603,""
f42b390caf907f03,oddik-vs-bestia-m1-dust2-p2,CS2,valve,GOTV,2026-01-21 18:19:40.000 +0000,de_dust2,71533,64.0,68.432408,1117.0,Counter-Strike 2,SourceTV Demo,14129,10603,""
d1f2b40914788553,oddik-vs-bestia-m2-ancient,CS2,valve,GOTV,2026-01-21 19:28:31.000 +0000,de_ancient,174370,64.0,68.381791,2724.0,Counter-Strike 2,SourceTV Demo,14129,10603,""
ac043a7b8a12fa2c,eyeballers-vs-nemesis-m1-ancient-p1,CS2,valve,GOTV,2026-01-21 16:24:02.000 +0000,de_ancient,191905,64.0,68.365911,2998.0,Counter-Strike 2,SourceTV Demo,14129,10603,""
"38ca2c43af583894",eyeballers-vs-nemesis-m2-anubis-p1,CS2,valve,GOTV,2026-01-21 17:53:38.000 +0000,de_anubis,176707,64.0,68.353133,2761.0,Counter-Strike 2,SourceTV Demo,14129,10603,""
"99cad6579edc5878",eyeballers-vs-nemesis-m3-inferno-p1,CS2,valve,GOTV,2026-01-21 19:45:15.000 +0000,de_inferno,179793,64.0,68.318263,2809.0,Counter-Strike 2,SourceTV Demo,14129,10603,""
"5c3bb5c9692c9cc8",eyeballers-vs-nemesis-m2-anubis-p2,CS2,valve,GOTV,2026-01-21 17:53:39.000 +0000,de_anubis,101527,64.0,72.907945,1586.0,Counter-Strike 2,SourceTV Demo,14129,10603,""
"4644991b2742d7b6",eyeballers-vs-nemesis-m1-ancient-p2,CS2,valve,GOTV,2026-01-21 16:24:03.000 +0000,de_ancient,80931,64.0,72.712816,1264.0,Counter-Strike 2,SourceTV Demo,14129,10603,""
"16abf70c8fc8f663",eyeballers-vs-nemesis-m3-inferno-p2,CS2,valve,GOTV,2026-01-21 19:45:18.000 +0000,de_inferno,175151,64.0,72.699196,2736.0,Counter-Strike 2,SourceTV Demo,14129,10603,""
"3fc881868233db88",nuclear-tigeres-vs-sangal-m3-anubis,CS2,valve,GOTV,2026-01-21 19:51:43.000 +0000,de_anubis,135263,64.0,68.360151,2113.0,Counter-Strike 2,SourceTV Demo,14129,10603,""
"630088bb1b27ebff",nuclear-tigeres-vs-sangal-m2-mirage-p2,CS2,valve,GOTV,2026-01-21 19:01:55.000 +0000,de_mirage,17652,64.0,73.007273,275.0,Counter-Strike 2,SourceTV Demo,14129,10603,""
c86922d0f8fea8c6,nuclear-tigeres-vs-sangal-m2-mirage-p1,CS2,valve,GOTV,2026-01-21 19:01:55.000 +0000,de_mirage,85579,64.0,68.356021,1337.0,Counter-Strike 2,SourceTV Demo,14129,10603,""
a68ee15d9071726e,nuclear-tigeres-vs-sangal-m1-ancient,CS2,valve,GOTV,2026-01-21 17:58:50.000 +0000,de_ancient,179941,64.0,67.836001,2811.0,Counter-Strike 2,SourceTV Demo,14129,10603,""
"6e0e8a618cacdda5",nuclear-tigeres-vs-sangal-m2-mirage-p3,CS2,valve,GOTV,2026-01-21 19:01:56.000 +0000,de_mirage,90685,64.0,81.383475,1416.0,Counter-Strike 2,SourceTV Demo,14129,10603,""
"56f0db56dffd44dd",shinden-vs-fluxo-m2-ancient-p1,CS2,valve,GOTV,2026-01-21 20:07:36.000 +0000,de_ancient,50850,64.0,80.056675,794.0,Counter-Strike 2,SourceTV Demo,14129,10603,""
"9ec6d7983bdd57bc",shinden-vs-fluxo-m1-nuke,CS2,valve,GOTV,2026-01-21 18:38:41.000 +0000,de_nuke,265589,64.0,68.042179,4149.0,Counter-Strike 2,SourceTV Demo,14129,10603,""
"1d5f18612c41478e",shinden-vs-fluxo-m2-ancient-p2,CS2,valve,GOTV,2026-01-21 20:07:36.000 +0000,de_ancient,212264,64.0,68.048854,3316.0,Counter-Strike 2,SourceTV Demo,14129,10603,""
"7840dabee8ab3148",red-canids-vs-sharks-m2-inferno-p1,CS2,valve,GOTV,2026-01-21 20:29:04.000 +0000,de_inferno,281162,64.0,71.28295,4393.0,Counter-Strike 2,SourceTV Demo,14129,10603,""
"2ec3d9f47144d6b0",red-canids-vs-sharks-m2-inferno-p2,CS2,valve,GOTV,2026-01-21 20:29:02.000 +0000,de_inferno,89740,64.0,67.707561,1402.0,Counter-Strike 2,SourceTV Demo,14129,10603,""
"4b9f468f018eb6d7",red-canids-vs-sharks-m1-nuke,CS2,valve,GOTV,2026-01-21 18:05:49.000 +0000,de_nuke,159025,64.0,67.724235,2484.0,Counter-Strike 2,SourceTV Demo,14129,10603,""
"4727868233e005e",crashers-vs-pain-academy-m1-inferno,CS2,valve,GOTV,2026-01-21 21:08:34.000 +0000,de_inferno,173395,64.0,67.344038,2709.0,FantasyExpo,SourceTV Demo,14129,10603,""
bc8da1d6025b2271,crashers-vs-pain-academy-m2-overpass,CS2,valve,GOTV,2026-01-21 21:00:53.000 +0000,de_overpass,154317,64.0,67.377437,2411.0,FantasyExpo,SourceTV Demo,14129,10603,""
"8797b74c6a944569",crashers-vs-pain-academy-m3-dust2,CS2,valve,GOTV,2026-01-21 20:54:14.000 +0000,de_dust2,154255,64.0,67.380083,2410.0,FantasyExpo,SourceTV Demo,14129,10603,""
cc96bd94935ccadc,eternal-fire-vs-minlate-m2-nuke,CS2,valve,GOTV,2026-01-21 21:32:18.000 +0000,de_nuke,178718,64.0,67.393983,2792.0,FantasyExpo,SourceTV Demo,14129,10603,""
"6ee1894cb4d6bdee",eternal-fire-vs-minlate-m3-overpass,CS2,valve,GOTV,2026-01-21 21:35:55.000 +0000,de_overpass,115199,64.0,66.954975,1799.0,FantasyExpo,SourceTV Demo,14129,10603,""
f105089e01a366e2,eternal-fire-vs-minlate-m1-mirage,CS2,valve,GOTV,2026-01-21 21:26:55.000 +0000,de_mirage,180395,64.0,67.382896,2818.0,FantasyExpo,SourceTV Demo,14129,10603,""
e0d75302c1915558,gentle-mates-vs-hotu-m1-anubis,CS2,valve,GOTV,2026-01-21 20:40:58.000 +0000,de_anubis,250945,64.0,67.789084,3921.0,Counter-Strike 2,SourceTV Demo,14129,10603,""
f4717d3bec87a9f5,gentle-mates-vs-hotu-m2-ancient,CS2,valve,GOTV,2026-01-21 21:45:38.000 +0000,de_ancient,192035,64.0,67.716,3000.0,Counter-Strike 2,SourceTV Demo,14129,10603,""
"52adbfbb4ba3aaef",sharks-vs-galorys-m1-nuke,CS2,valve,GOTV,2026-01-22 02:27:08.000 +0000,de_nuke,129619,64.0,67.721975,2025.0,eBot :: Sharks vs Galorys,SourceTV Demo,14129,10603,""
fbcda64af4f459e9,sharks-vs-galorys-m2-overpass,CS2,valve,GOTV,2026-01-22 02:27:08.000 +0000,de_overpass,175365,64.0,67.70146,2740.0,eBot :: Sharks vs Galorys,SourceTV Demo,14129,10603,""
"76609dbef55c685a",imperial-vs-red-canids-m1-nuke,CS2,valve,GOTV,2026-01-22 00:48:58.000 +0000,de_nuke,191712,64.0,68.044407,2995.0,Counter-Strike 2,SourceTV Demo,14129,10603,""
"2cb0358094e6e7d",imperial-vs-red-canids-m2-overpass,CS2,valve,GOTV,2026-01-22 02:01:17.000 +0000,de_overpass,220245,64.0,68.034874,3441.0,Counter-Strike 2,SourceTV Demo,14129,10603,""
addeab3e73dfac5,imperial-vs-red-canids-m3-mirage,CS2,valve,GOTV,2026-01-22 03:11:27.000 +0000,de_mirage,220726,64.0,68.024942,3448.0,Counter-Strike 2,SourceTV Demo,14129,10603,""
"78bd79f95393a72b",bestia-vs-shinden-m2-nuke,CS2,valve,GOTV,2026-01-22 02:52:16.000 +0000,de_nuke,159237,64.0,68.373794,2488.0,Counter-Strike 2,SourceTV Demo,14129,10603,""
a8c57cc52209161f,bestia-vs-shinden-m3-overpass,CS2,valve,GOTV,2026-01-22 04:03:00.000 +0000,de_overpass,212113,64.0,68.052203,3314.0,Counter-Strike 2,SourceTV Demo,14129,10603,""
"1aaf42cdb6da602c",bestia-vs-shinden-m1-dust2,CS2,valve,GOTV,2026-01-22 01:53:36.000 +0000,de_dust2,164890,64.0,68.380435,2576.0,Counter-Strike 2,SourceTV Demo,14129,10603,""
d48a853d9c1e877e,bcgame-vs-nemesis-m1-nuke,CS2,valve,GOTV,2026-01-22 01:51:43.000 +0000,de_nuke,173084,64.0,68.386464,2704.0,Counter-Strike 2,SourceTV Demo,14129,10603,""
baa6bbea8b2ffb45,bcgame-vs-nemesis-m3-ancient,CS2,valve,GOTV,2026-01-22 04:20:06.000 +0000,de_ancient,230160,64.0,68.352614,3596.0,Counter-Strike 2,SourceTV Demo,14129,10603,""
"2b695c1803b50d24",bcgame-vs-nemesis-m2-inferno,CS2,valve,GOTV,2026-01-22 03:02:37.000 +0000,de_inferno,215120,64.0,68.36388,3361.0,Counter-Strike 2,SourceTV Demo,14129,10603,""
"653656c267079f32",masonic-vs-prestige-m1-dust2,CS2,valve,GOTV,2026-01-22 11:20:18.000 +0000,de_dust2,124678,64.0,67.886037,1948.0,eBot :: MASONIC vs Prestige,SourceTV Demo,14131,10680,""
"5fcf39d9e0b4c677",masonic-vs-prestige-m2-nuke,CS2,valve,GOTV,2026-01-22 11:20:20.000 +0000,de_nuke,178511,64.0,67.882037,2789.0,eBot :: Prestige vs MASONIC,SourceTV Demo,14131,10680,""
f3818ed6890c4ee3,forze-reload-vs-acend-m2-overpass,CS2,valve,GOTV,2026-01-22 11:51:05.000 +0000,de_overpass,150020,64.0,67.761945,2344.0,eBot :: FORZE Reload vs Acend,SourceTV Demo,14131,10680,""
"3bcc579735571249",forze-reload-vs-acend-m1-ancient,CS2,valve,GOTV,2026-01-22 11:51:11.000 +0000,de_ancient,220228,64.0,67.951468,3441.0,eBot :: Acend vs FORZE Reload,SourceTV Demo,14131,10680,""
b68f1042be97f620,genone-vs-unity-m3-ancient,CS2,valve,GOTV,2026-01-22 11:59:35.000 +0000,de_ancient,144731,64.0,67.396727,2261.0,FantasyExpo,SourceTV Demo,14131,10680,""
b0c63ae71f799073,genone-vs-unity-m2-inferno,CS2,valve,GOTV,2026-01-22 11:49:57.000 +0000,de_inferno,135619,64.0,67.352921,2119.046922,FantasyExpo,SourceTV Demo,14131,10680,""
d78e33ef6effe70c,genone-vs-unity-m1-overpass,CS2,valve,GOTV,2026-01-22 11:50:14.000 +0000,de_overpass,181452,64.0,67.371076,2835.0,FantasyExpo,SourceTV Demo,14131,10680,""
"963672906ef564fe",mouz-nxt-vs-allinners-m2-mirage,CS2,valve,GOTV,2026-01-22 12:19:46.000 +0000,de_mirage,139858,64.0,67.380778,2185.0,FantasyExpo,SourceTV Demo,14131,10680,""
"71ecb1e5aada9a15",mouz-nxt-vs-allinners-m3-dust2,CS2,valve,GOTV,2026-01-22 12:23:09.000 +0000,de_dust2,189500,64.0,67.400338,2960.0,FantasyExpo,SourceTV Demo,14131,10680,""
"28f3eb233c069079",mouz-nxt-vs-allinners-m1-anubis,CS2,valve,GOTV,2026-01-22 12:19:44.000 +0000,de_anubis,138311,64.0,67.378991,2161.0,FantasyExpo,SourceTV Demo,14131,10680,""
ef0a2055d4debc35,mibr-vs-ctnex-m2-inferno,CS2,valve,GOTV,2026-01-22 13:41:23.000 +0000,de_inferno,118918,64.0,67.697524,1858.0,eBot :: MIBR vs CTNEX,SourceTV Demo,14129,10603,""
cce09abab8ab8363,mibr-vs-ctnex-m1-mirage,CS2,valve,GOTV,2026-01-22 13:41:17.000 +0000,de_mirage,77477,64.0,67.280165,1210.0,eBot :: MIBR vs CTNEX,SourceTV Demo,14129,10603,""
"62445b77e1210be9",phantom-vs-forze-reload-m1-mirage,CS2,valve,GOTV,2026-01-22 14:25:37.000 +0000,de_mirage,183311,64.0,67.357891,2864.0,FantasyExpo,SourceTV Demo,14131,10680,""
"91043e961834be5c",phantom-vs-forze-reload-m2-nuke,CS2,valve,GOTV,2026-01-22 14:27:15.000 +0000,de_nuke,150623,64.0,67.38759,2353.0,FantasyExpo,SourceTV Demo,14131,10680,""
"2c61e42af43466e6",keyd-stars-vs-9z-m1-mirage,CS2,valve,GOTV,2026-01-22 14:36:19.000 +0000,de_mirage,101867,64.0,67.739786,1591.0,eBot :: Vivo Keyd Stars vs 9z Globant,SourceTV Demo,14129,10603,""
"387f04e3e824906a",keyd-stars-vs-9z-m2-dust2,CS2,valve,GOTV,2026-01-22 14:36:38.000 +0000,de_dust2,322906,64.0,67.701883,5045.0,eBot :: Vivo Keyd Stars vs 9z Globant,SourceTV Demo,14129,10603,""
"9bf0eddddeed8ff7",gentle-mates-vs-genone-m1-ancient,CS2,valve,GOTV,2026-01-22 13:45:07.000 +0000,de_ancient,133848,64.0,68.046389,2091.0,Counter-Strike 2,SourceTV Demo,14131,10680,""
eae6dc83883100f7,gentle-mates-vs-genone-m2-nuke,CS2,valve,GOTV,2026-01-22 14:35:15.000 +0000,de_nuke,144541,64.0,68.015058,2258.0,Counter-Strike 2,SourceTV Demo,14131,10680,""
"6453198612798e06",truck-drivers-vs-prestige-m2-dust2,CS2,valve,GOTV,2026-01-22 14:36:31.000 +0000,de_dust2,183185,64.0,67.907058,2862.0,eBot :: Prestige vs Truck Drivers,SourceTV Demo,14131,10680,""
"2f0c34cd76cb0d68",truck-drivers-vs-prestige-m1-overpass,CS2,valve,GOTV,2026-01-22 14:36:15.000 +0000,de_overpass,175322,64.0,66.966411,2739.0,eBot :: Truck Drivers vs Prestige,SourceTV Demo,14131,10680,""
d023384934f11de9,lp-vs-four-magic-m2-inferno,CS2,valve,GOTV,2026-01-22 15:02:46.000 +0000,de_inferno,165007,64.0,67.359581,2578.0,FantasyExpo,SourceTV Demo,14131,10680,""
"55bb74eeb004bfcd",lp-vs-four-magic-m1-dust2,CS2,valve,GOTV,2026-01-22 15:02:20.000 +0000,de_dust2,165876,64.0,67.390969,2591.0,FantasyExpo,SourceTV Demo,14131,10680,""
e9bbf2ce87ebb9e5,fut-vs-eyeballers-m2-dust2-p2,CS2,valve,GOTV,2026-01-22 15:17:08.000 +0000,de_dust2,54925,64.0,77.037296,858.0,Counter-Strike 2,SourceTV Demo,14131,10680,""
"616a486dd559b3ab",fut-vs-eyeballers-m1-anubis-p1,CS2,valve,GOTV,2026-01-22 14:11:39.000 +0000,de_anubis,88503,64.0,68.424023,1382.0,Counter-Strike 2,SourceTV Demo,14131,10680,""
"5e04d12b8d884d33",fut-vs-eyeballers-m1-anubis-p2,CS2,valve,GOTV,2026-01-22 14:11:39.000 +0000,de_anubis,29816,64.0,73.019355,465.0,Counter-Strike 2,SourceTV Demo,14131,10680,""
"2f0d782c4c89b6aa",fut-vs-eyeballers-m2-dust2-p1,CS2,valve,GOTV,2026-01-22 15:17:07.000 +0000,de_dust2,112555,64.0,68.370876,1758.0,Counter-Strike 2,SourceTV Demo,14131,10680,""
"8ba463dcb9448fb7",fut-vs-eyeballers-m1-anubis-p3,CS2,valve,GOTV,2026-01-22 14:11:42.000 +0000,de_anubis,92744,64.0,77.05521,1449.0,Counter-Strike 2,SourceTV Demo,14131,10680,""
"44bbd5e76428761",nuclear-tigeres-vs-kolesie-m1-ancient,CS2,valve,GOTV,2026-01-22 14:17:47.000 +0000,de_ancient,233486,64.0,68.378015,3648.0,Counter-Strike 2,SourceTV Demo,14131,10680,""
aefbb00921cba058,nuclear-tigeres-vs-kolesie-m2-nuke,CS2,valve,GOTV,2026-01-22 15:23:06.000 +0000,de_nuke,173737,64.0,68.391304,2714.0,Counter-Strike 2,SourceTV Demo,14131,10680,""
d580b4141bd005e6,masonic-vs-minlate-m1-mirage,CS2,valve,GOTV,2026-01-22 14:10:47.000 +0000,de_mirage,181312,64.0,67.368514,2833.0,FantasyExpo,SourceTV Demo,14131,10680,""
"2a4000e42a26bb5c",masonic-vs-minlate-m2-nuke,CS2,valve,GOTV,2026-01-22 15:47:26.000 +0000,de_nuke,259697,64.0,67.403254,4057.0,FantasyExpo,SourceTV Demo,14131,10680,""
"7a90d0854306e8b9",masonic-vs-minlate-m3-anubis,CS2,valve,GOTV,2026-01-22 15:48:12.000 +0000,de_anubis,163402,64.0,67.354485,2553.0,FantasyExpo,SourceTV Demo,14131,10680,""
"1ecc6fdb1ad6756c",ctnex-vs-keyd-stars-m2-mirage,CS2,valve,GOTV,2026-01-22 16:02:35.000 +0000,de_mirage,75159,64.0,67.745315,1174.0,eBot :: Vivo Keyd Stars vs CTNEX,SourceTV Demo,14129,10603,""
"826ad4f39da55f0",ctnex-vs-keyd-stars-m1-dust2,CS2,valve,GOTV,2026-01-22 16:03:09.000 +0000,de_dust2,83034,64.0,67.743254,1297.0,eBot :: Vivo Keyd Stars vs CTNEX,SourceTV Demo,14129,10603,""
"6aca9ea7f4956b5c",big-academy-vs-nemesis-m2-nuke,CS2,valve,GOTV,2026-01-22 14:51:27.000 +0000,de_nuke,192774,64.0,68.002656,3012.0,Counter-Strike 2,SourceTV Demo,14131,10680,""
"3e4cf0c48bb4395b",big-academy-vs-nemesis-m1-ancient,CS2,valve,GOTV,2026-01-22 13:46:10.000 +0000,de_ancient,125303,64.0,68.033214,1957.0,Counter-Strike 2,SourceTV Demo,14131,10680,""
"429989c4d318ba58",big-academy-vs-nemesis-m3-dust2,CS2,valve,GOTV,2026-01-22 16:35:37.000 +0000,de_dust2,336576,64.0,67.994676,5259.0,Counter-Strike 2,SourceTV Demo,14131,10680,""
"14b70b5c45febf48",liquid-vs-falcons-m2-dust2,CS2,valve,GOTV,2026-01-22 17:21:49.000 +0000,de_dust2,186235,64.0,67.393262,2909.0,BLAST.tv Premier CS2 Server,SourceTV Demo,14129,10603,""
e8f474c3c333dd85,liquid-vs-falcons-m1-nuke,CS2,valve,GOTV,2026-01-22 16:27:00.000 +0000,de_nuke,291834,64.0,67.379908,4559.0,BLAST.tv Premier CS2 Server,SourceTV Demo,14129,10603,""
"91b389a446a4dbd",hotu-vs-9ine-m2-dust2,CS2,valve,GOTV,2026-01-22 17:57:10.000 +0000,de_dust2,140521,64.0,68.3959,2195.0,Counter-Strike 2,SourceTV Demo,14131,10680,""
"37a84f08a2399ebc",hotu-vs-9ine-m1-overpass,CS2,valve,GOTV,2026-01-22 17:00:52.000 +0000,de_overpass,196356,64.0,68.369622,3068.0,Counter-Strike 2,SourceTV Demo,14131,10680,""
"7074e878a9d9d9d2",los-kogutos-vs-illwill-m1-nuke,CS2,valve,GOTV,2026-01-22 18:12:02.000 +0000,de_nuke,176262,64.0,67.369281,2754.0,FantasyExpo,SourceTV Demo,14131,10680,""
a1d78f7cde4e833b,los-kogutos-vs-illwill-m2-mirage,CS2,valve,GOTV,2026-01-22 18:06:00.000 +0000,de_mirage,152167,64.0,67.387884,2377.0,FantasyExpo,SourceTV Demo,14131,10680,""
c9b9157b5c59f89a,betboom-vs-ursa-m1-dust2-p1,CS2,valve,GOTV,2026-01-22 17:15:17.000 +0000,de_dust2,32311,64.0,68.188492,504.0,Counter-Strike 2,SourceTV Demo,14131,10680,""
dc37112aceedfa21,betboom-vs-ursa-m2-mirage-p3,CS2,valve,GOTV,2026-01-22 18:18:12.000 +0000,de_mirage,59797,64.0,76.037473,934.0,Counter-Strike 2,SourceTV Demo,14131,10680,""
fbfd61a8bfb2556,betboom-vs-ursa-m1-dust2-p2,CS2,valve,GOTV,2026-01-22 17:15:20.000 +0000,de_dust2,213942,64.0,72.013465,3342.0,Counter-Strike 2,SourceTV Demo,14131,10680,""
c3f44fe1eab22c53,betboom-vs-ursa-m2-mirage-p1,CS2,valve,GOTV,2026-01-22 18:18:10.000 +0000,de_mirage,11653,64.0,68.192308,182.0,Counter-Strike 2,SourceTV Demo,14131,10680,""
"87ce682ad0c8870c",betboom-vs-ursa-m2-mirage-p2,CS2,valve,GOTV,2026-01-22 18:18:11.000 +0000,de_mirage,93131,64.0,72.045361,1455.0,Counter-Strike 2,SourceTV Demo,14131,10680,""
f7c9277945f487de,yawara-vs-prison-breakers-m1-ancient,CS2,valve,GOTV,2026-01-22 18:33:19.000 +0000,de_ancient,150844,64.0,67.402377,2356.0,FantasyExpo,SourceTV Demo,14131,10680,""
e84bb6eb99f991ea,yawara-vs-prison-breakers-m2-mirage,CS2,valve,GOTV,2026-01-22 18:36:09.000 +0000,de_mirage,82828,64.0,67.404173,1294.0,FantasyExpo,SourceTV Demo,14131,10680,""
"5628916f864f3096",yawara-vs-prison-breakers-m3-dust2,CS2,valve,GOTV,2026-01-22 19:09:10.000 +0000,de_dust2,233581,64.0,67.388326,3649.0,FantasyExpo,SourceTV Demo,14131,10680,""
"845921b1f3d24654",oddik-vs-imperial-m2-overpass,CS2,valve,GOTV,2026-01-22 19:09:00.000 +0000,de_overpass,187228,64.0,68.375385,2925.0,Counter-Strike 2,SourceTV Demo,14131,10680,""
"2b156f6b9eaefa9f",oddik-vs-imperial-m1-anubis,CS2,valve,GOTV,2026-01-22 18:03:44.000 +0000,de_anubis,218792,64.0,68.375073,3418.0,Counter-Strike 2,SourceTV Demo,14131,10680,""
"810ebc215df37e73",eyeballers-vs-nuclear-tigeres-m1-inferno,CS2,valve,GOTV,2026-01-22 17:12:37.000 +0000,de_inferno,173016,64.0,68.371069,2703.0,Counter-Strike 2,SourceTV Demo,14131,10680,""
"6001a40aad334cc",eyeballers-vs-nuclear-tigeres-m2-mirage,CS2,valve,GOTV,2026-01-22 18:10:05.000 +0000,de_mirage,144010,64.0,68.38,2250.0,Counter-Strike 2,SourceTV Demo,14131,10680,""
cb0cc59f3947d2f8,eyeballers-vs-nuclear-tigeres-m3-anubis,CS2,valve,GOTV,2026-01-22 19:07:38.000 +0000,de_anubis,151551,64.0,68.372624,2367.0,Counter-Strike 2,SourceTV Demo,14131,10680,""
"61c59eecc0f9f095",gentle-mates-vs-nemesis-m1-ancient-p1,CS2,valve,GOTV,2026-01-22 18:10:47.000 +0000,de_ancient,93381,64.0,68.011652,1459.0,Counter-Strike 2,SourceTV Demo,14131,10680,""
ee9898773ef07a6a,gentle-mates-vs-nemesis-m1-ancient-p2,CS2,valve,GOTV,2026-01-22 18:10:48.000 +0000,de_ancient,76295,64.0,72.020973,1192.0,Counter-Strike 2,SourceTV Demo,14131,10680,""
"5c24f4bc1eb6dbef",gentle-mates-vs-nemesis-m2-nuke,CS2,valve,GOTV,2026-01-22 19:18:44.000 +0000,de_nuke,201126,64.0,67.986951,3142.0,Counter-Strike 2,SourceTV Demo,14131,10680,""
"43f512ea70b4ce7a","9z-vs-shinden-m1-dust2",CS2,valve,GOTV,2026-01-22 18:19:29.000 +0000,de_dust2,280775,64.0,68.009802,4387.0,Counter-Strike 2,SourceTV Demo,14131,10680,""
"8dc0a562688b2e7a","9z-vs-shinden-m2-nuke",CS2,valve,GOTV,2026-01-22 19:37:05.000 +0000,de_nuke,236611,64.0,68.030836,3697.0,Counter-Strike 2,SourceTV Demo,14131,10680,""
"527e8f5956881611",am-vs-1win-m1-ancient,CS2,valve,GOTV,2026-01-22 19:23:22.000 +0000,de_ancient,186420,64.0,67.369251,2912.812532,FantasyExpo,SourceTV Demo,14131,10680,""
"81c42a2ea887ddf8",am-vs-1win-m2-dust2,CS2,valve,GOTV,2026-01-22 19:47:52.000 +0000,de_dust2,144579,64.0,67.377601,2259.0,FantasyExpo,SourceTV Demo,14131,10680,""
"9633b2940e86c1a8",gaimin-gladiators-vs-a-fundacao-m1-dust2,CS2,valve,GOTV,2026-01-22 10:11:48.000 +0000,de_dust2,101785,64.0,67.730818,1590.0,eBot :: GAIMIN Gladiators vs A FUNDAÇÃO,SourceTV Demo,14129,10603,""
"54fd1f5e1a2b5bed",gaimin-gladiators-vs-a-fundacao-m2-nuke,CS2,valve,GOTV,2026-01-22 10:11:48.000 +0000,de_nuke,75911,64.0,67.226813,1186.0,eBot :: GAIMIN Gladiators vs A FUNDAÇÃO,SourceTV Demo,14129,10603,""
aae5c8235df84555,heroic-vs-furia-m1-mirage,CS2,valve,GOTV,2026-01-22 20:39:04.000 +0000,de_mirage,156155,64.0,67.399754,2439.0,BLAST.tv Premier CS2 Server,SourceTV Demo,14129,10603,""
"2c50b73b764f1dfe",heroic-vs-furia-m3-nuke,CS2,valve,GOTV,2026-01-22 20:40:11.000 +0000,de_nuke,204155,64.0,67.3926,3189.0,BLAST.tv Premier CS2 Server,SourceTV Demo,14129,10603,""
d7fdcb079df7beb6,heroic-vs-furia-m2-dust2,CS2,valve,GOTV,2026-01-22 20:39:01.000 +0000,de_dust2,136635,64.0,67.408154,2134.0,BLAST.tv Premier CS2 Server,SourceTV Demo,14129,10603,""
"41cf74bf5a9da5f3",bounty-hunters-vs-bad-luck-m2-ancient,CS2,valve,GOTV,2026-01-22 21:12:24.000 +0000,de_ancient,147562,64.0,67.393926,2305.0,FantasyExpo,SourceTV Demo,14131,10680,""
"305ce9e799abb7e2",bounty-hunters-vs-bad-luck-m1-anubis,CS2,valve,GOTV,2026-01-22 21:12:15.000 +0000,de_anubis,170357,64.0,67.390455,2661.0,FantasyExpo,SourceTV Demo,14131,10680,""
"66c413347ad94050",red-canids-vs-bestia-academy-m1-overpass-p1,CS2,valve,GOTV,2026-01-22 09:12:08.000 +0000,de_overpass,84924,64.0,66.680241,1326.0,eBot :: RED Canids vs BESTIA Academy,SourceTV Demo,14129,10603,""
"4cd346a29dd96222",red-canids-vs-bestia-academy-m1-overpass-p2,CS2,valve,GOTV,2026-01-22 09:12:08.000 +0000,de_overpass,55665,64.0,67.796318,869.0,eBot :: RED Canids vs BESTIA Academy,SourceTV Demo,14129,10603,""
"528422fb7b9b9ea1",ursa-vs-gentle-mates-m1-mirage,CS2,valve,GOTV,2026-01-22 20:53:29.000 +0000,de_mirage,238988,64.0,67.991698,3734.0,Counter-Strike 2,SourceTV Demo,14131,10680,""
"5a8350ea0e7528ce",ursa-vs-gentle-mates-m2-nuke,CS2,valve,GOTV,2026-01-22 21:51:18.000 +0000,de_nuke,166563,64.0,67.988855,2602.0,Counter-Strike 2,SourceTV Demo,14131,10680,""
ff002e9b4ba80ab6,forze-reload-vs-eternal-fire-m3-dust2,CS2,valve,GOTV,2026-01-22 21:51:05.000 +0000,de_dust2,192592,64.0,67.375872,3009.0,FantasyExpo,SourceTV Demo,14131,10680,""
"315c2968095fe213",forze-reload-vs-eternal-fire-m1-mirage,CS2,valve,GOTV,2026-01-22 21:53:51.000 +0000,de_mirage,156260,64.0,67.383859,2441.0,FantasyExpo,SourceTV Demo,14131,10680,""
"93f6caa90cb3f862",forze-reload-vs-eternal-fire-m2-ancient,CS2,valve,GOTV,2026-01-22 21:46:41.000 +0000,de_ancient,185884,64.0,67.379821,2904.0,FantasyExpo,SourceTV Demo,14131,10680,""
f3a209789b9e1563,red-canids-vs-bestia-m2-ancient,CS2,valve,GOTV,2026-01-22 21:54:49.000 +0000,de_ancient,162581,64.0,68.044094,2540.0,Counter-Strike 2,SourceTV Demo,14131,10680,""
dd1e9d956253db5e,red-canids-vs-bestia-m1-nuke,CS2,valve,GOTV,2026-01-22 20:56:09.000 +0000,de_nuke,171959,64.0,68.040581,2686.0,Counter-Strike 2,SourceTV Demo,14131,10680,""
"63489421a548b044",gaimin-gladiators-vs-bestia-academy-m1-ancient,CS2,valve,GOTV,2026-01-22 12:41:56.000 +0000,de_ancient,86883,64.0,67.74871,1357.0,eBot :: GAIMIN Gladiators vs BESTIA Academy,SourceTV Demo,14129,10603,""
"7608fcdf4c7642d4",gaimin-gladiators-vs-bestia-academy-m2-dust2,CS2,valve,GOTV,2026-01-22 12:41:58.000 +0000,de_dust2,157325,64.0,67.709113,2458.0,eBot :: GAIMIN Gladiators vs BESTIA Academy,SourceTV Demo,14129,10603,""
e7a1c6d322024c54,imperial-vs-shinden-m2-overpass,CS2,valve,GOTV,2026-01-22 22:51:50.000 +0000,de_overpass,307472,64.0,68.354288,4804.0,Counter-Strike 2,SourceTV Demo,14131,10680,""
"181bed020ff0545",imperial-vs-shinden-m1-nuke-p1,CS2,valve,GOTV,2026-01-22 21:16:33.000 +0000,de_nuke,171920,64.0,68.374907,2686.0,Counter-Strike 2,SourceTV Demo,14131,10680,""
e2171f5401c3287e,imperial-vs-shinden-m1-nuke-p2,CS2,valve,GOTV,2026-01-22 21:16:34.000 +0000,de_nuke,75621,64.0,72.787468,1181.0,Counter-Strike 2,SourceTV Demo,14131,10680,""
"333d7f4325d9145f","9ine-vs-nuclear-tigeres-m1-ancient",CS2,valve,GOTV,2026-01-22 20:39:36.000 +0000,de_ancient,214216,64.0,68.370182,3347.0,Counter-Strike 2,SourceTV Demo,14131,10680,""
"65500a61e0c496f2","9ine-vs-nuclear-tigeres-m2-nuke",CS2,valve,GOTV,2026-01-22 21:33:32.000 +0000,de_nuke,160302,64.0,68.396965,2504.0,Counter-Strike 2,SourceTV Demo,14131,10680,""
"355557a65edecf7f","9ine-vs-nuclear-tigeres-m3-dust2",CS2,valve,GOTV,2026-01-22 22:43:33.000 +0000,de_dust2,200931,64.0,68.381969,3139.0,Counter-Strike 2,SourceTV Demo,14131,10680,""
f3f7d892f3ff218,red-canids-vs-a-fudacao-m2-inferno,CS2,valve,GOTV,2026-01-22 14:04:46.000 +0000,de_inferno,96128,64.0,67.696405,1502.0,eBot :: RED Canids vs A FUNDAÇÃO,SourceTV Demo,14129,10603,""
"8138dcf4c13fa8f0",red-canids-vs-a-fudacao-m1-nuke,CS2,valve,GOTV,2026-01-22 14:04:46.000 +0000,de_nuke,128718,64.0,67.715067,2011.0,eBot :: RED Canids vs A FUNDAÇÃO,SourceTV Demo,14129,10603,""
fb12fe4a302e57d9,bestia-vs-shinden-m2-dust2-p2,CS2,valve,GOTV,2026-01-23 01:48:27.000 +0000,de_dust2,187996,64.0,72.693565,2937.0,Counter-Strike 2,SourceTV Demo,14132,10680,""
f32782b18168feb2,bestia-vs-shinden-m1-nuke,CS2,valve,GOTV,2026-01-23 00:48:12.000 +0000,de_nuke,283534,64.0,68.370429,4430.0,Counter-Strike 2,SourceTV Demo,14132,10680,""
f438fc58aa486c5,bestia-vs-shinden-m2-dust2-p1,CS2,valve,GOTV,2026-01-23 01:48:26.000 +0000,de_dust2,20521,64.0,68.6125,320.0,Counter-Strike 2,SourceTV Demo,14132,10680,""
